,cik,filing_date,Stock Change
0,946581,2016-05-19,-0.005363388523173083
1,946581,2017-05-24,-0.062395547331248115
2,96021,2018-08-27,-0.02146496450857703
3,96021,2019-08-26,0.07321067291469192
4,96943,2016-02-25,0.08133428335716396
5,96943,2017-02-23,0.05888430806260916
6,96943,2018-02-22,0.04253521988340582
7,96943,2019-02-21,0.09653735329015582
8,97210,2016-02-29,0.10324944031613204
9,97210,2017-03-01,0.06983146570197385
10,97210,2018-03-01,0.018040034099484244
11,97210,2019-03-01,-0.0282926792051734
12,97476,2016-02-24,0.07891726004383048
13,97476,2017-02-23,0.046020262896634065
14,97476,2018-02-22,0.04531895574562117
15,97476,2019-02-22,0.04575532358416464
16,97745,2016-02-25,0.06471621715743629
17,97745,2017-02-28,-0.019596629131282493
18,97745,2018-02-28,-0.009396906207023388
19,97745,2019-02-27,0.047464641111699936
20,927628,2020-02-20,-0.5532161685098476
21,927653,2020-05-22,0.048721716426910734
22,93410,2016-02-25,0.11195773834343938
23,93410,2018-02-22,0.06506507931196177
24,93410,2017-02-23,-0.02368940130554599
25,93410,2019-02-22,0.05419215389713871
26,93556,2016-02-19,0.10608697974163553
27,93556,2017-02-15,0.023518296728476343
28,93556,2019-02-26,-0.031125797774215272
29,93556,2018-02-27,-0.03198266850697203
30,935703,2017-03-28,0.08595681174840998
31,936340,2016-02-10,0.02494469917174934
32,936340,2017-02-09,0.029832242053044317
33,936340,2018-02-16,-0.033263618609912046
34,936340,2019-02-07,0.034488541266543
35,936468,2016-02-24,0.021372799333721396
36,936468,2017-02-09,0.03687059861964107
37,936468,2018-02-06,0.014129533059082823
38,936468,2019-02-08,0.005008324264096186
39,93751,2016-02-19,0.050898748536222754
40,93751,2017-02-17,-0.0007437406713224228
41,93751,2018-02-26,-0.08528366070378272
42,93751,2019-02-21,-0.05430864716502672
43,9389,2016-02-16,0.03501357712084438
44,9389,2017-03-02,0.013511744759411661
45,9389,2018-03-01,0.005316432518295095
46,9389,2019-02-22,0.06478468946423521
47,940944,2017-07-21,-0.05288681129078119
48,940944,2018-07-20,0.03068983720573803
49,940944,2019-07-19,-0.058757374590566264
50,943452,2016-02-19,0.19003715656947026
51,943452,2018-02-26,-0.07573948892518352
52,943452,2017-02-28,-0.06365459222020801
53,943452,2019-02-27,-0.041434297744151256
54,943819,2016-08-05,-0.039942748410524566
55,943819,2017-08-04,0.03329338289950739
56,945841,2016-02-26,0.04619331167926671
57,945841,2017-02-24,0.02368647748615587
58,945841,2018-02-28,0.03962907533926292
59,945841,2019-02-27,-0.01998012349494454
60,915912,2016-02-26,0.07974564411949567
61,915912,2018-02-23,0.0015624024034906114
62,915912,2019-02-22,0.013466636809128997
63,915912,2020-02-21,-0.42276996469171685
64,916076,2016-02-23,0.1260929042936859
65,916076,2017-02-24,0.016377064467638255
66,916076,2018-02-23,-0.04664899816509421
67,916076,2019-02-25,0.018556810289347445
68,916365,2016-02-23,0.049369561404667944
69,916365,2018-02-22,-0.059583552653780306
70,916365,2017-02-23,-0.03126762282680458
71,916365,2019-02-21,-0.0611277205916182
72,920148,2017-02-27,-0.0057415437765468945
73,920148,2016-02-29,0.039056819542586385
74,920148,2018-02-27,-0.06045392418224846
75,920148,2019-02-28,0.01801131995417011
76,920522,2016-02-26,0.07729312942451663
77,920522,2017-02-24,0.01902301722762225
78,920522,2018-02-22,0.06859514057243149
79,920522,2019-02-21,0.018749329727156448
80,920760,2018-01-25,-0.137724552899883
81,920760,2019-01-28,0.09703503257873104
82,92122,2016-02-26,0.056235795318490024
83,92122,2017-02-22,0.04123283473889492
84,92122,2018-02-21,0.021668227978832517
85,92122,2019-02-20,0.02513067868554464
86,922224,2016-02-19,0.022062964390230713
87,922224,2017-02-17,0.031153538509009076
88,922224,2018-02-22,-0.077913316691846
89,922224,2019-02-14,0.06382981380156257
90,92230,2017-02-21,-0.036674350378699504
91,92230,2016-02-25,0.03693434552936642
92,92230,2018-02-21,-0.007986905527142481
93,92230,2020-03-03,-0.3926210297941772
94,92380,2017-02-07,0.08521871002533206
95,92380,2016-02-03,0.1384364400922196
96,92380,2018-02-07,0.006218701229005985
97,92380,2019-02-05,-0.06997234212719458
98,927066,2016-02-26,0.07658748175448525
99,927066,2017-02-24,-0.04229429504959051
100,927066,2018-02-23,-0.10098386661424716
101,927066,2020-02-21,-0.22713758242268717
102,927628,2016-02-25,0.05028611953269785
103,927628,2017-02-23,-0.10416446820974112
104,927628,2018-02-21,0.013143020713818033
105,906163,2016-02-17,0.06850439345839279
106,906163,2017-02-15,0.058997178335829355
107,906163,2019-02-13,0.06484924213430794
108,906163,2018-02-14,0.02326461063168308
109,906345,2016-02-19,0.11552013585778412
110,906345,2017-02-13,-0.02779474340590304
111,906345,2019-02-15,0.02715299278662755
112,906345,2018-02-16,0.008517263426992936
113,908255,2016-02-11,0.14706858083850682
114,908255,2017-02-09,0.031734244831671914
115,908255,2018-02-08,-0.05949172572751912
116,908255,2019-02-19,-0.08016277136700527
117,909832,2018-10-26,0.008570489464519241
118,910606,2016-02-18,0.09826262326871853
119,910606,2017-02-27,-0.06401668805096308
120,910606,2018-02-27,-0.022275961300749193
121,910606,2019-02-21,-0.023504672644730596
122,91142,2016-02-17,0.06420290297356204
123,91142,2017-02-17,0.045170430965403026
124,91142,2018-02-16,-0.004577403838374643
125,91142,2019-02-15,-0.0129744031151096
126,912595,2016-02-26,0.0714986109928474
127,912595,2017-02-24,-0.0013718705091800192
128,912595,2018-02-23,0.001249297064611135
129,912595,2019-02-21,0.020233991513725156
130,914208,2016-02-19,0.17908749537848687
131,914208,2017-02-23,-0.0878787763190992
132,914208,2018-02-23,-0.0524253671516968
133,914208,2019-02-22,0.03884523402117367
134,91440,2016-02-11,0.08932842092369898
135,91440,2017-02-09,0.001837567066992055
136,91440,2018-02-15,-0.05565198144634166
137,91440,2019-02-14,0.019240636449657886
138,915389,2016-02-25,0.12860234435426585
139,915389,2017-02-27,-0.03488809394697184
140,915389,2018-03-01,0.05148887541467403
141,915389,2019-02-27,-0.10620526493754366
142,91576,2016-02-24,0.06831122102795777
143,91576,2017-02-28,-0.08470964911086258
144,91576,2018-02-26,-0.10103868549640593
145,91576,2019-02-25,-0.14991483542430437
146,883241,2018-12-17,0.03877145628066336
147,883241,2019-12-20,0.08564480489956776
148,884887,2016-02-22,0.06117745607095709
149,884887,2018-02-21,-0.04358485107924811
150,884887,2017-02-23,0.0337067022071496
151,884887,2019-02-22,-0.026130849699287792
152,885725,2016-02-24,0.04789382154414676
153,885725,2017-02-23,-0.00857839413396787
154,885725,2018-02-20,0.029444685716503726
155,885725,2019-02-19,-0.0474159398070257
156,886982,2016-02-22,0.050406615622174356
157,886982,2017-02-27,-0.08390485707821334
158,886982,2018-02-26,-0.09584905375935687
159,886982,2019-02-26,-0.052237303712818685
160,891103,2016-02-29,-0.0018365892684232314
161,891103,2017-02-28,-0.004950490375089082
162,891103,2018-03-01,0.13021360558552403
163,891103,2019-03-01,0.018165506545842303
164,895421,2016-02-23,0.08983556096002307
165,896159,2016-02-26,0.017870806194748814
166,896159,2017-02-28,-0.010928526647222027
167,896159,2018-02-23,-0.044233007153438406
168,896159,2019-02-28,0.03689322379824211
169,89800,2016-02-24,0.08963846787092478
170,89800,2017-02-22,-0.014433854059154738
171,89800,2018-02-23,-0.012807610970325603
172,89800,2019-02-22,-0.014208386124935935
173,898173,2016-02-26,0.0449930301577703
174,898173,2017-02-28,-0.007029567267220486
175,898173,2018-02-28,-0.021376801541888153
176,898173,2019-02-27,0.045439726081590484
177,899689,2016-02-16,0.1105313305368749
178,899689,2017-02-13,-0.03053071010799602
179,899689,2018-02-12,0.009023677871606541
180,899689,2019-02-11,-0.03467961061451632
181,906107,2016-02-25,-0.02697989444604656
182,906107,2017-02-23,0.009719576588042528
183,906107,2018-02-22,0.07050032095887244
184,906107,2019-02-21,-0.003249361789686951
185,874716,2016-02-17,0.039709229594328904
186,874716,2018-02-16,0.11447829832722761
187,874716,2017-02-17,0.06601982473258497
188,874716,2019-02-15,0.002901172958661569
189,874766,2016-02-26,0.06420732856485804
190,874766,2017-02-24,-0.02159603579036614
191,874766,2018-02-23,-0.03997038880122364
192,874766,2019-02-22,0.0012272729400712534
193,875045,2016-02-03,0.01194398207968222
194,875045,2018-02-01,-0.16476881435151733
195,875045,2017-02-02,0.10986639508106047
196,875045,2019-02-06,-0.019115338206279933
197,875320,2016-02-16,-0.029752850343313805
198,875320,2017-02-23,0.05027408596555444
199,875320,2018-02-15,0.08350939628138367
200,875320,2019-02-13,-0.01446689703525641
201,877212,2016-02-29,0.092748518455034
202,877212,2017-02-27,-0.061261998810544435
203,877212,2018-02-22,0.06078084063016856
204,877212,2019-02-14,0.07665291120793659
205,878927,2016-02-29,0.04987610210980053
206,878927,2017-02-27,-0.08350455114648883
207,878927,2018-02-27,0.06345437496661728
208,878927,2020-02-26,-0.014470661949816206
209,879101,2016-02-26,0.04158856053923725
210,879101,2017-02-27,-0.07648264952481668
211,879101,2018-02-23,-0.06946267390025916
212,879101,2019-02-15,0.007319772471353525
213,879169,2016-02-12,0.03700992915020197
214,879169,2017-02-14,0.224699960696121
215,879169,2018-02-15,0.07792973576033485
216,879169,2019-02-14,0.019659547178687887
217,8818,2016-02-24,0.10142018861729175
218,8818,2017-02-23,-0.021574678621812577
219,8818,2018-02-21,-0.05268556388286856
220,8818,2019-02-27,0.02857674768916694
221,882095,2016-02-24,0.008057309934929872
222,882095,2017-02-27,-0.0424113172165891
223,882095,2018-02-27,-0.0599800853436446
224,882095,2019-02-26,-0.022824722604652903
225,882184,2016-11-18,-0.017519270636321957
226,882184,2017-11-15,0.05912058585019355
227,882184,2018-11-16,0.020701588440874604
228,882184,2019-11-25,-0.02955123934518585
229,882835,2016-02-26,0.059821549022421656
230,882835,2017-02-27,-0.01685390115829207
231,882835,2019-02-25,0.03168935313534065
232,882835,2018-02-23,-0.000996049236268176
233,857005,2018-11-16,-0.02388061845572468
234,857005,2019-11-18,0.013184989928067204
235,857005,2020-11-20,0.1705556664435329
236,858470,2016-02-22,0.011606313341416099
237,858470,2017-02-27,0.0455570692560265
238,858470,2018-03-01,-0.037720727575431545
239,858470,2020-02-25,0.11986301056684179
240,858877,2017-09-07,0.06265742307232425
241,859737,2017-11-21,0.06995074530355314
242,859737,2018-11-20,-0.03899250604632737
243,859737,2019-11-27,0.018287910482565128
244,860730,2017-02-22,-0.0382959000731413
245,860730,2016-02-26,0.08418512350433979
246,860730,2018-02-23,-0.010412489691540633
247,860730,2019-02-21,-0.048799330637588755
248,860731,2016-02-24,-0.0018081796993013966
249,860731,2017-02-22,-0.004060879755646928
250,860731,2018-02-21,0.03539043837592155
251,860731,2020-02-19,-0.19822676109730752
252,86312,2016-02-11,0.0747807881590499
253,86312,2017-02-16,0.00985300056836765
254,86312,2018-02-15,-0.009653609903568961
255,86312,2019-02-14,0.04782163145221945
256,864749,2016-02-24,0.06457240564179077
257,864749,2017-02-24,-0.005095536603691157
258,864749,2018-02-27,-0.06725760662158244
259,864749,2019-02-22,0.019499969482421876
260,865752,2016-02-29,0.0616733524177628
261,865752,2017-03-01,0.09902404221901158
262,865752,2018-03-01,0.055145662051882136
263,865752,2019-02-28,-0.1402162072097119
264,866787,2017-10-25,0.07759610854656325
265,866787,2019-10-28,0.028797050531080223
266,872589,2016-02-11,0.028101534687528046
267,872589,2017-02-09,0.059361097547743054
268,872589,2018-02-08,0.036544568605052855
269,872589,2019-02-07,0.042390423039292864
270,87347,2016-01-27,0.1055682356487662
271,87347,2017-01-25,-0.0626827327382388
272,87347,2018-01-24,-0.14939882654877049
273,87347,2019-01-23,0.02424380521280875
274,821189,2018-02-27,0.005891128100199474
275,821189,2019-02-26,-0.01203284888453723
276,821189,2020-02-27,-0.34116668701171876
277,822416,2016-02-08,0.13552883777661615
278,822416,2018-02-07,-0.00033434399641767913
279,822416,2019-01-31,-0.025889943444128503
280,823768,2017-02-16,0.03652709276445504
281,823768,2016-02-18,0.06273725040407443
282,823768,2018-02-15,0.02844569286519008
283,823768,2019-02-14,0.022662945934421787
284,829224,2016-11-18,0.033889176513093124
285,827054,2019-05-30,0.06589624848378205
286,829224,2017-11-17,0.023888997067648327
287,829224,2018-11-16,-0.04137334466996826
288,829224,2019-11-15,0.052962820721548114
289,831259,2016-02-26,0.36069985064022286
290,831259,2017-02-24,-0.03169811896558078
291,831259,2018-02-20,-0.02061861431486341
292,831259,2019-02-15,0.003257325954627623
293,832101,2017-02-23,-0.0147042992946625
294,832101,2018-02-22,0.08347812906823723
295,832101,2016-02-19,0.09058073944289902
296,832101,2019-02-28,0.040666206538131404
297,833444,2016-11-23,-0.0657750484510874
298,833444,2017-11-21,0.04583337571885851
299,833444,2018-11-20,-0.07528494953192154
300,842023,2016-08-29,0.02527586849033399
301,842023,2018-08-27,0.07460142688759269
302,84839,2016-02-24,-0.02437252703069462
303,84839,2018-02-26,-0.026837781662210992
304,84839,2017-02-24,-0.023848255060899666
305,84839,2019-03-01,0.046254426206682075
306,849399,2019-05-24,0.04987404292658572
307,851968,2016-02-29,0.05074283977507018
308,851968,2017-02-27,-0.004647481366555408
309,851968,2019-02-28,-0.07339111241643088
310,851968,2018-02-28,-0.04994168226810178
311,80424,2018-08-07,0.0001210326271096467
312,80661,2016-02-29,0.09743103682861941
313,80661,2017-03-01,-0.017306211316629353
314,80661,2018-02-27,0.039637788197679664
315,80661,2019-02-27,0.006464052078409317
316,811156,2016-02-11,0.04430857762889417
317,811156,2017-02-07,0.04328393849067382
318,811156,2018-02-14,0.0013985444396209916
319,811156,2019-02-05,0.040345865890486304
320,813672,2016-02-18,0.11501440378605937
321,813672,2017-02-10,0.05756853423845733
322,813672,2018-02-20,-0.048294715338293485
323,813672,2019-02-27,0.08442120817602826
324,813828,2016-02-16,0.1707480475576935
325,813828,2017-02-17,0.024509066075734137
326,813828,2019-02-15,-0.04739332030229518
327,813828,2018-02-20,-0.09671108669704861
328,814453,2016-02-29,0.15259151033616405
329,814453,2017-03-01,-0.04899194314378133
330,814453,2018-03-01,-0.038490583311836676
331,814453,2020-03-02,-0.24680852470010567
332,815097,2016-01-29,0.0043631639271201825
333,815097,2017-01-30,0.007368796763293781
334,815097,2018-01-29,-0.061857164673592584
335,815556,2016-02-05,0.0684235555713497
336,815556,2017-02-06,0.02798173972000016
337,815556,2019-02-06,0.007314706755381113
338,815556,2018-02-05,0.04514019231906403
339,818479,2016-02-12,0.16005850921796894
340,818479,2017-03-01,-0.031938005787457605
341,818479,2019-03-08,0.037891270604451174
342,820027,2016-02-25,0.09019794195348484
343,820027,2017-02-23,-0.04038930729328743
344,820027,2018-02-23,-0.05752434047244365
345,820027,2020-02-26,-0.33589744567871094
346,820313,2016-02-19,0.10633399381535781
347,820313,2017-02-17,0.028505663447038698
348,820313,2019-02-13,0.023296313688542306
349,820313,2020-02-12,-0.186190302660393
350,821189,2016-02-25,0.08467157739792427
351,77476,2017-02-15,0.024454163767132272
352,77476,2018-02-13,0.005439634507505367
353,77476,2019-02-15,-0.003537258641666353
354,77476,2020-02-13,-0.21253502166566762
355,779152,2016-08-29,-0.009710938946364302
356,779152,2017-08-25,0.021782576591633615
357,779152,2018-08-24,0.004669688189965038
358,78003,2016-02-29,0.0037074511590045084
359,78003,2017-02-23,0.012037518735581261
360,78003,2019-02-28,-0.030680515156706313
361,78003,2018-02-22,0.014829420434358392
362,783325,2016-02-26,0.043408944410924286
363,783325,2017-02-28,0.01178030660494541
364,783325,2018-02-28,0.039719645207678185
365,783325,2019-02-26,0.05574734247132445
366,788784,2016-02-26,0.08202119250397182
367,788784,2018-02-26,-0.04771367291420048
368,788784,2017-02-27,-0.010085487356214937
369,788784,2019-02-28,0.007991793828104075
370,789019,2016-07-28,0.03237857542194787
371,789019,2018-08-03,0.03970752387239929
372,789570,2016-02-29,0.08029584961750255
373,789570,2018-03-01,0.052283706198608185
374,789570,2019-02-27,-0.05080998411338696
375,789570,2017-03-01,0.021244863825757482
376,79282,2016-02-26,0.08536210763135754
377,79282,2017-02-24,-0.02141862113535657
378,79282,2018-02-28,-0.03951364058652421
379,79282,2019-02-26,-0.006506867434701072
380,797468,2016-02-26,-0.01848138766657055
381,797468,2017-02-23,-0.02666669239029574
382,797468,2018-02-23,-0.045960178625210346
383,797468,2019-02-21,0.009909965123585312
384,798354,2016-02-19,0.0510087969719869
385,798354,2017-02-23,0.008529118490205923
386,798354,2018-02-22,0.029765644285212545
387,798354,2019-02-21,-0.012035358620252581
388,79879,2016-02-18,0.1553490200148124
389,79879,2017-02-16,0.022305240712765545
390,79879,2018-02-15,-0.009897594472113412
391,79879,2019-02-21,0.0062653451249844215
392,80424,2016-08-09,0.020816385161018025
393,753308,2018-02-16,0.013393119493867785
394,753308,2019-02-15,0.03770920829483192
395,753308,2020-02-14,-0.20450952786832868
396,75362,2017-02-21,0.004944074216694563
397,75362,2018-02-21,-0.04232881036557166
398,75362,2019-02-21,-0.020673707431407694
399,75362,2016-02-16,0.03991431488899499
400,75677,2016-02-26,0.21477336768376137
401,75677,2017-02-28,-0.034837187169443465
402,75677,2018-02-28,-0.05771809924127205
403,75677,2019-02-28,0.03117484539281606
404,759944,2016-02-26,0.09371835881054491
405,759944,2017-02-24,-0.056753117174796815
406,759944,2018-02-22,-0.011661222994440782
407,759944,2019-02-21,-0.07977440927265515
408,76334,2017-08-25,0.12593768070096917
409,76334,2018-08-24,0.11105930850188456
410,76334,2019-08-23,0.12029358130531348
411,764180,2016-02-25,-0.024046168232060298
412,764180,2017-02-27,-0.019037380864221524
413,764180,2018-02-27,-0.06875002384185791
414,764180,2019-02-26,0.08541268509153296
415,764478,2017-03-24,0.12909701477176713
416,764478,2018-04-02,0.09373185223593737
417,764478,2019-03-28,0.023910050831512812
418,764622,2016-02-19,0.06520142048706502
419,764622,2017-02-24,0.02639972779999895
420,764622,2018-02-23,-0.026949514921867482
421,764622,2019-02-22,0.027998289810920004
422,765880,2016-02-09,0.1323685848138969
423,765880,2017-02-13,-0.03533225734553336
424,765880,2018-02-13,0.014035158459685424
425,765880,2019-02-14,0.009372947743148572
426,766704,2016-02-18,0.15149964797911408
427,766704,2017-02-22,0.001772566499135523
428,766704,2018-02-28,0.014857119605654763
429,766704,2019-02-25,0.04596771638177612
430,77360,2016-02-26,0.08467245550015634
431,77360,2017-02-21,0.04819686517543554
432,77360,2018-02-27,-0.019421636337722637
433,77360,2020-02-25,-0.36312189752271345
434,773840,2016-02-12,0.05363353080915076
435,773840,2017-02-10,0.03561754516344655
436,773840,2018-02-09,0.022515205274297734
437,773840,2019-02-08,0.02604128323324919
438,72971,2020-02-27,-0.2724276258445867
439,73124,2016-02-29,0.09565504190481489
440,73124,2017-02-28,-0.026101875433602473
441,73124,2018-02-27,-0.03522626094558261
442,73124,2019-02-26,-0.05767162114860885
443,731766,2016-02-09,0.09445843517526879
444,731766,2017-02-08,0.04984096821686803
445,731766,2018-02-13,-0.017075516800254008
446,731766,2019-02-12,-0.07722962468127371
447,731802,2017-11-13,-0.0029037540046013242
448,731802,2016-11-14,0.042871148344859375
449,731802,2018-11-13,0.02271778814675441
450,731802,2019-11-12,0.0018691303574036216
451,732712,2016-02-23,0.05095788982675337
452,732712,2017-02-21,0.016386837311150107
453,732712,2018-02-23,-0.029198588127562715
454,732712,2019-02-15,0.050580147266955436
455,732717,2016-02-18,0.05758311280221945
456,732717,2017-02-17,0.02314371992609819
457,732717,2018-02-20,-0.005167207800569693
458,732717,2019-02-20,-0.0055105393833955445
459,73309,2016-02-26,0.16316317835695754
460,73309,2017-02-28,-0.049065042509152654
461,73309,2018-02-28,-0.0790520162541097
462,73309,2019-02-28,-0.04936433678115125
463,740260,2016-02-12,0.2343588354862782
464,740260,2017-02-14,-0.030986370316753553
465,740260,2018-02-09,-0.020740447599524668
466,740260,2019-02-08,-0.03780918962815395
467,74208,2016-02-23,0.09433409415594869
468,74208,2017-02-21,0.004172397997172561
469,74208,2018-02-20,0.04117990006696888
470,74208,2019-02-19,-0.0024597631339204375
471,745732,2016-03-29,-0.011189559720632035
472,745732,2017-03-28,-0.0034969703402487414
473,745732,2018-04-03,0.04606302200529732
474,745732,2019-04-02,0.022610868908761444
475,746515,2016-02-25,0.05989980416336277
476,746515,2018-02-23,-0.04655060406945311
477,746515,2017-02-23,-0.0032136492746388007
478,746515,2019-02-22,0.0011872867317587526
479,749251,2016-02-24,0.061646392803904465
480,749251,2017-02-22,0.06490339239995839
481,749251,2018-02-22,0.06326811061684322
482,749251,2019-02-22,0.042796881288017626
483,753308,2016-02-22,0.01616251336133196
484,719739,2016-02-26,0.10646555028352378
485,718877,2020-02-27,-0.010457750577796148
486,719739,2018-02-28,-0.039240056154403895
487,719739,2017-02-28,-0.0638587798228433
488,719739,2019-02-28,-0.11676646780522733
489,720005,2017-11-22,0.06331645384813474
490,720005,2016-11-22,-0.009409500141471015
491,720005,2018-11-21,-0.06465174959635515
492,720005,2019-11-26,0.0077077594189080886
493,72331,2016-12-15,-0.0030726546594963353
494,72331,2017-12-15,0.025276267852018832
495,72331,2019-12-13,0.012939551031493924
496,723531,2017-07-21,-0.038636347115305295
497,723531,2018-07-20,0.025088540985148906
498,726728,2016-02-11,-0.01447102599288134
499,726728,2018-02-22,0.012170441438624275
500,726728,2017-02-23,-0.04645247837549159
501,726728,2019-02-22,0.03914537713204406
502,72741,2016-02-26,0.055870026432640996
503,72741,2018-02-26,-0.034512050150103994
504,72741,2019-02-26,0.03028987754855278
505,728535,2016-02-23,0.12582088137443734
506,728535,2017-02-23,-0.05765081441887392
507,72741,2017-02-23,0.027357195144675283
508,728535,2018-02-23,-0.018908437816749644
509,728535,2019-02-22,-0.08294384567072594
510,72903,2016-02-19,0.043986764853652584
511,72903,2017-02-24,0.02861102155286344
512,72903,2018-02-23,-0.004467294190182893
513,72903,2019-02-22,0.02189251084586684
514,72971,2016-02-24,0.045158531476980894
515,72971,2017-03-01,-0.06813995858054941
516,72971,2018-03-01,-0.08549993733140134
517,65984,2019-02-26,0.033656988665534085
518,65984,2018-02-26,0.005198200672417878
519,65984,2020-02-21,-0.3845029722114171
520,66740,2017-02-09,0.06358739643496851
521,66740,2016-02-11,0.06119334527610995
522,66740,2018-02-08,0.05688908416390441
523,66740,2019-02-07,0.014811883347227404
524,68505,2016-02-23,0.041395879566372716
525,68505,2017-02-21,0.05177793445879037
526,68505,2018-02-16,0.02728731271569553
527,68505,2019-02-15,0.010531568950836389
528,701985,2018-03-23,-0.08371099198492908
529,701985,2019-03-22,-0.03712036552767183
530,702165,2016-02-08,0.13094061053557832
531,702165,2018-02-05,0.0003607463497412193
532,702165,2017-02-06,0.02110618771441561
533,702165,2019-02-08,0.042283912959940655
534,707549,2016-08-17,0.03048442553940057
535,707549,2017-08-15,0.07721112663880064
536,707549,2018-08-14,-0.13339751541423522
537,70858,2016-02-24,0.12283592391267174
538,70858,2017-02-23,-0.06672088668587621
539,70858,2018-02-22,0.005680034778867637
540,70858,2019-02-26,-0.08364631909726736
541,711404,2018-12-21,0.13969905653885029
542,711404,2019-12-20,0.11351030002942825
543,712515,2018-05-23,0.05812729967667369
544,712515,2019-05-24,0.0331635992122714
545,713676,2016-02-29,0.043906036182716636
546,713676,2017-02-28,-0.07097387542589656
547,713676,2018-02-28,-0.05378669789011388
548,713676,2019-03-01,-0.031274672236409756
549,715957,2016-02-26,0.048557579104305554
550,715957,2017-02-28,0.0036063727653017808
551,715957,2018-02-27,-0.08295183793300742
552,715957,2019-02-28,0.037117021675348805
553,718877,2016-02-29,0.01484052138371488
554,718877,2017-02-28,0.09239969134171935
555,718877,2018-02-27,-0.03484366833810753
556,55785,2018-02-08,0.0006267319661036029
557,55785,2019-02-07,0.02443539721376344
558,55785,2020-02-13,-0.15496757691935878
559,56873,2016-03-29,-0.055482531635005584
560,56873,2017-03-28,0.038223094628396743
561,56873,2018-04-03,0.04069517076146952
562,59478,2016-02-19,-0.022861915000076703
563,59478,2017-02-21,0.04604276904106411
564,59478,2018-02-20,0.015215993020506198
565,59478,2019-02-19,0.025464674365777283
566,59558,2016-02-25,0.07884612119711902
567,59558,2017-02-23,-0.11647373419526652
568,59558,2018-02-22,0.0022069086283174446
569,59558,2019-02-20,-0.00015970199680486372
570,60086,2016-02-19,0.0663597205971758
571,60086,2017-02-16,0.01041448855286761
572,60086,2018-02-15,0.021447177949780263
573,60086,2019-02-13,0.01753259967497181
574,60667,2016-03-29,-0.0037002614784228376
575,60667,2018-04-02,-0.01926938555366552
576,60667,2019-04-02,0.007187637701855128
577,62709,2016-02-24,0.0363794625732387
578,62709,2017-02-24,0.01496392929063654
579,62709,2019-02-21,0.0009773479298980483
580,62709,2018-02-22,0.031623886320346815
581,62996,2016-02-12,0.1421378822490699
582,62996,2017-02-09,0.022988454021880392
583,62996,2018-02-08,0.014004906244209416
584,62996,2019-02-07,0.10782651934117
585,63754,2016-01-28,0.09507077355143342
586,63754,2017-01-25,0.03695585010641249
587,63908,2016-02-25,0.04156456918801059
588,63908,2017-03-01,0.00433938431112747
589,63908,2018-02-23,-0.036918952303416526
590,63908,2019-02-22,0.017470093247971195
591,64040,2016-02-12,0.11237138666481344
592,64040,2017-02-09,0.03462485364299209
593,64040,2018-02-09,0.08450704225352113
594,64040,2019-02-13,0.0016229198504177401
595,64803,2016-02-09,0.09424371426329224
596,64803,2017-02-09,0.04824736094586732
597,64803,2019-02-28,-0.06536404071085955
598,64803,2018-02-14,-0.02206621142463281
599,65984,2016-02-26,0.09896847902900159
600,48465,2017-12-20,-0.048974034278839035
601,49071,2016-02-18,0.08816687502910768
602,49071,2017-02-17,0.07160309608726177
603,49071,2018-02-16,0.007769503114835037
604,49071,2019-02-21,-0.10485758959552599
605,49196,2016-02-17,0.0809577020995623
606,49196,2017-02-22,-0.10500351058346656
607,49196,2018-02-16,0.01326601344494034
608,49196,2019-02-15,0.004282617056543152
609,4962,2016-02-19,0.11899108472253812
610,4962,2017-02-17,0.0007526980213632621
611,4962,2018-02-16,-0.024795965525131955
612,4962,2019-02-13,0.026682807844232104
613,49826,2016-02-12,0.06845887139263442
614,49826,2017-02-10,0.03867185115814209
615,49826,2018-02-15,0.03660624207392498
616,49826,2019-02-15,0.004784599892476383
617,50863,2016-02-12,0.10893857911048291
618,50863,2017-02-17,-0.036732460784064606
619,50863,2018-02-16,0.11676908547994475
620,50863,2019-02-01,0.08680483443407404
621,51143,2016-02-23,0.11858011550768205
622,51143,2017-02-28,-0.03364473637962272
623,51143,2018-02-27,-0.020312951937157177
624,51143,2019-02-26,-0.003864859128495
625,51253,2016-03-01,0.06706053003467574
626,51253,2017-02-28,0.054574389633248864
627,51253,2018-02-27,-0.04748214465926872
628,51253,2019-02-26,-0.018174610440693205
629,51434,2016-02-25,0.1724634029591654
630,51434,2017-02-22,-0.02133383937027821
631,51434,2018-02-22,-0.08197566068320754
632,51434,2020-02-19,-0.27517561166084636
633,51644,2017-02-21,-0.01179344911459155
634,51644,2016-02-22,0.012717873932428287
635,51644,2018-02-26,-0.10081629850426499
636,51644,2019-02-25,-0.10655393227952521
637,52988,2016-11-22,-0.014497650282803342
638,52988,2018-11-21,-0.12421405593992423
639,55067,2016-02-24,0.015288826916907217
640,55067,2017-02-21,0.0032112055127634137
641,55067,2018-02-20,-0.046641790840500214
642,55067,2019-02-25,0.01940355433013717
643,55785,2016-02-11,0.043189422503950185
644,38777,2018-11-09,0.044379682604097394
645,38777,2019-11-12,-0.07293525413869772
646,38777,2020-11-23,0.15475065723231873
647,40533,2016-02-08,0.0005293159468196684
648,40533,2017-02-06,0.03611232983394312
649,40533,2018-02-12,0.09745620334992795
650,40533,2019-02-13,-0.027150055171061074
651,40545,2016-02-26,0.05816330344780031
652,40545,2017-02-24,-0.018880413491239777
653,40545,2018-02-23,-0.07867497332384087
654,40545,2019-02-26,-0.07317070770508025
655,40987,2016-02-26,0.07078675140538945
656,40987,2017-02-27,-0.03472659551556914
657,40987,2018-02-27,-0.04267498976263153
658,40987,2019-02-25,-0.019700803034834548
659,4127,2017-11-13,-0.12538532591485985
660,4127,2019-11-14,0.13275949985166138
661,4281,2016-02-19,0.0
662,4281,2017-02-28,-0.07745749839077816
663,4281,2018-02-26,-0.09470749065850739
664,4281,2019-02-21,0.04605264052239603
665,4447,2016-02-26,0.20965866829068083
666,4447,2017-02-23,-0.10814928133413879
667,4447,2019-02-21,0.03935507014135675
668,4447,2018-02-21,0.06986513109426992
669,45012,2016-02-05,0.112599701553178
670,45012,2018-02-09,-0.014775212636695019
671,45012,2017-02-07,-0.019679333273230536
672,45012,2019-02-13,-0.10541399701129399
673,46080,2016-02-24,0.030627058677547444
674,46080,2017-02-22,-0.0006071398378772958
675,46080,2018-02-26,-0.1451481517419406
676,46080,2019-02-26,-0.00803403012853691
677,47111,2016-02-26,-0.006069333867665959
678,47111,2017-02-21,0.003410721844929326
679,47111,2018-02-27,-0.0017313962125756412
680,47111,2019-02-22,0.011613126157872397
681,47217,2016-12-15,-0.047711138633007806
682,47217,2017-12-14,0.105110912692081
683,33185,2020-02-20,-0.2850770680891946
684,33213,2016-02-11,0.05006127815880583
685,33213,2017-02-09,-0.09066662548213655
686,33213,2018-02-15,-0.01668541621971437
687,33213,2019-02-14,0.07912080034860462
688,34088,2016-02-24,0.027355292551073287
689,34088,2017-02-22,0.011120740423639263
690,34088,2018-02-28,-0.02693426159314938
691,34088,2019-02-27,0.01874918637073538
692,34903,2016-02-09,0.020031357605934844
693,34903,2018-02-13,0.06403045004362372
694,34903,2017-02-13,-0.11171734125388501
695,34903,2019-02-13,-0.011653649577490911
696,352541,2017-02-24,0.00809715817605349
697,352541,2016-02-24,0.04958797738866676
698,352541,2018-02-23,0.010400905153576893
699,352541,2019-02-22,0.031523612458159836
700,352915,2016-02-25,0.059579483784519785
701,352915,2017-02-28,0.002945881776091482
702,352915,2018-02-28,0.054641030296981204
703,352915,2019-02-27,0.006603668911057607
704,354950,2019-03-28,0.07129329278024678
705,35527,2016-02-25,0.11764706982323304
706,35527,2017-02-24,-0.08272328895047512
707,35527,2018-02-28,-0.051739761692797634
708,35527,2019-03-01,-0.08523759185644451
709,36104,2016-02-25,0.04190085373588884
710,36104,2017-02-23,-0.050541569939305
711,36104,2018-02-22,-0.031693407153031775
712,36104,2019-02-22,-0.0315912435734847
713,36270,2016-02-19,0.05193832228015478
714,36270,2017-02-22,-0.07724808559088284
715,36270,2018-02-22,0.0007915245197064644
716,36270,2019-02-20,-0.026420419866388493
717,37785,2016-02-26,0.06542302646184042
718,37785,2017-02-28,0.06646998533401209
719,37785,2018-02-28,-0.040774817251199795
720,37785,2019-02-28,-0.0296764026227313
721,37996,2016-02-11,0.1772604770557231
722,37996,2017-02-09,0.012116285714351744
723,37996,2018-02-08,0.01917543656886461
724,37996,2020-02-05,-0.1480144926355345
725,313927,2016-02-19,0.025947876074267514
726,313927,2017-02-24,0.016353753144641495
727,313927,2018-02-23,-0.015065103417361517
728,313927,2019-02-21,-0.004988689696788377
729,31462,2016-02-26,0.039988709529679554
730,31462,2017-02-24,-0.010517925855173058
731,31462,2018-02-23,0.02506877767579854
732,31462,2019-03-01,0.03749406139348897
733,315189,2016-12-19,0.02924203289750153
734,315213,2016-02-17,0.12434144716915489
735,315213,2017-02-13,0.014733756844234367
736,315213,2018-02-20,0.05504258684159727
737,315213,2019-02-15,-0.02448502443786754
738,315293,2016-02-22,0.08339554201533023
739,315293,2017-02-23,0.013081991661312936
740,315293,2018-02-20,0.030414999589036314
741,315293,2019-02-19,-0.020039422219857706
742,316709,2016-02-24,0.18369933806626426
743,316709,2017-02-23,-0.0261882101624308
744,316709,2018-02-22,0.07322701254429095
745,316709,2020-02-26,-0.1750362221270134
746,31791,2016-03-01,0.03127606398319624
747,31791,2017-02-28,0.06948029071846724
748,31791,2018-02-27,-0.008706929116526985
749,31791,2019-02-26,0.021062831169528968
750,319201,2016-08-05,-0.09571042854633936
751,319201,2017-08-04,0.05910165362807205
752,320335,2016-02-26,0.03756954126819641
753,320335,2018-02-27,-0.032992242644746914
754,320335,2017-02-27,-0.011359298682666434
755,320335,2019-03-01,-0.011101795195460994
756,32604,2019-11-18,0.04215138694290776
757,33185,2016-02-24,0.06798160003973948
758,33185,2017-02-22,0.046800005107544555
759,33185,2018-03-01,0.0565919063551009
760,27419,2019-03-13,0.04681017222229752
761,277135,2016-02-29,0.052097756430324035
762,277135,2017-02-28,-0.04270854698314315
763,277135,2018-02-26,-0.002843288938871316
764,277135,2019-02-28,-0.048462740906583486
765,277948,2016-02-10,0.039370072204965446
766,277948,2017-02-14,0.0016666650772094727
767,277948,2018-02-07,0.05984512128370857
768,277948,2020-02-12,-0.2664486496972873
769,27904,2016-02-05,0.1585336851584298
770,27904,2017-02-13,-0.04294849114858428
771,27904,2018-02-23,0.022633728118115475
772,27904,2019-02-15,-0.002740861380717229
773,28412,2016-02-26,0.1092677286859786
774,28412,2017-02-15,-0.02389404766580001
775,28412,2018-02-15,0.0005119591757472893
776,28412,2019-02-12,-0.021006458907978875
777,29534,2018-03-23,0.06973127858693376
778,2969,2016-11-21,0.055531660238953895
779,29905,2016-02-12,0.06065211707344629
780,29905,2017-02-10,-0.03708374981682669
781,29905,2018-02-09,0.029173073823937964
782,29905,2019-02-15,-0.005263111223693019
783,29989,2018-02-15,-0.04296065925551798
784,29989,2017-02-09,0.005315970940704779
785,29989,2019-02-12,0.019165958544036715
786,310158,2016-02-26,0.04798579106364764
787,310158,2017-02-28,-0.040686184869636856
788,310158,2018-02-27,-0.01242694165392574
789,310158,2019-02-27,0.02852889887661845
790,310764,2017-02-09,0.048816061125234234
791,310764,2018-02-08,0.1012094557279121
792,310764,2016-02-11,0.07893090732983579
793,310764,2019-02-07,0.0419916809841805
794,313616,2016-02-24,0.08761468207532146
795,313616,2017-02-22,0.017452779177799613
796,313616,2018-02-21,0.03297379696750567
797,313616,2019-02-21,0.15396251126036334
798,18926,2020-02-28,-0.24937857094546975
799,19617,2016-02-23,0.07341416295432675
800,19617,2017-02-28,-0.037298662330265554
801,19617,2018-02-27,-0.06007160033310342
802,19617,2019-02-26,-0.06040460209943487
803,200406,2016-02-24,0.033727143163161825
804,200406,2017-02-27,0.02516341333871214
805,200406,2018-02-21,0.010006951082374437
806,200406,2019-02-20,0.015328171942316744
807,202058,2016-08-29,-0.007233921166824507
808,202058,2017-08-29,0.07768903502633558
809,20286,2016-02-26,0.01840487926006034
810,20286,2017-02-24,-0.010205470428646576
811,20286,2018-02-23,-0.031134571442432597
812,20286,2019-02-22,-0.014050151484936864
813,21076,2020-08-13,-0.04761903468430774
814,21344,2016-02-25,0.032155842132001136
815,21344,2017-02-24,0.00933459552520841
816,21344,2018-02-23,-0.02906454512681096
817,21344,2019-02-21,-0.0071958531762469965
818,21665,2016-02-18,0.03927401579450348
819,21665,2017-02-23,-0.010209593112637081
820,21665,2018-02-15,-0.017270476493280947
821,21665,2019-02-21,-0.023838027146004657
822,217346,2016-02-24,0.07617647507611443
823,217346,2017-02-22,-0.03367075135825208
824,217346,2018-02-15,-0.009886061487448125
825,217346,2019-02-14,-0.03037035906756366
826,24545,2016-02-11,0.09781179688896216
827,24545,2017-02-14,-0.02020102649477858
828,24545,2018-02-14,0.00012432736618876023
829,24545,2019-02-12,0.015374216396779567
830,24741,2016-02-12,0.05764009833995322
831,24741,2017-02-06,0.043803823152285405
832,24741,2018-02-15,0.0
833,24741,2019-02-12,0.005291014190292391
834,26172,2016-02-12,0.07205440377120625
835,26172,2017-02-13,-0.008832227998743758
836,26172,2018-02-14,-0.034036107810146835
837,26172,2019-02-11,0.04312332949306383
838,1645590,2020-12-10,-0.01980196150035633
839,1659166,2017-02-28,0.024804829846988057
840,1659166,2018-02-28,0.0
841,1659166,2019-02-28,0.00943969630591519
842,1666700,2018-02-15,-0.039805125101502005
843,1666700,2020-02-14,-0.30131827607862904
844,1688568,2019-06-13,0.10439352429908087
845,1701605,2018-02-23,0.06243310585553294
846,1701605,2019-02-19,0.0801073261925827
847,1711269,2019-02-22,0.03333931191497866
848,1732845,2018-11-16,-0.0385699357560366
849,1739940,2019-02-28,-0.08398308272320922
850,18230,2016-02-16,0.11087261859286164
851,18230,2017-02-15,-0.07230858690618025
852,18230,2018-02-15,-0.04650582972934486
853,18230,2019-02-14,0.006635536986974687
854,18926,2016-02-25,0.02466293994617777
855,18926,2017-02-23,-0.07689193399137764
856,18926,2018-03-01,-0.05574708819657004
857,1590895,2018-02-27,-0.00884964714614521
858,1590895,2019-03-01,-0.026480410383803412
859,1590895,2020-02-28,-0.6982861647818454
860,1590955,2016-02-22,0.1633070961578688
861,1590955,2017-02-21,0.06270001841627505
862,1590955,2018-02-14,0.1894004611773362
863,1590955,2019-02-14,0.014855890929172806
864,1596532,2016-02-25,-0.127845179905308
865,1596532,2017-02-17,0.06786495881690427
866,1596532,2018-02-20,0.11111564762727505
867,1596532,2019-02-15,0.10858106391012999
868,1596783,2016-08-29,0.0486249225163379
869,1596783,2019-08-27,-0.08139320277725548
870,1601712,2016-02-25,0.02411807270458528
871,1601712,2017-02-23,-0.09691507326082667
872,1601712,2018-02-22,-0.02835129485497851
873,1601712,2020-02-13,-0.3592548707322933
874,1613103,2018-06-22,0.013938476195163451
875,1613103,2017-06-27,-0.03435074918694405
876,1613103,2019-06-21,0.014288647993406999
877,1633917,2016-02-11,0.1482697241297921
878,1633917,2017-02-08,0.04916825511291196
879,1633917,2018-02-07,0.04815461298307221
880,1633917,2020-02-06,-0.06430894256171257
881,1637459,2017-02-23,-0.006993775648851503
882,1637459,2018-02-16,-0.07542378159759945
883,1519751,2016-02-25,0.07127431860129665
884,1519751,2017-02-28,0.04236550009802248
885,1519751,2018-02-28,-0.03939992409595102
886,1519751,2019-02-25,-0.0700413863113849
887,1521332,2017-02-06,0.04679234149349395
888,1521332,2018-02-05,-0.027759477685318362
889,1521332,2019-02-04,0.07227383343746614
890,1524472,2016-02-26,0.05567334056629038
891,1524472,2017-02-23,0.03703700135898589
892,1524472,2018-02-23,0.019096496014940068
893,1524472,2019-02-22,0.05949193538351884
894,1534701,2016-02-19,0.11636918155044851
895,1534701,2017-02-17,0.013094313899619441
896,1534701,2018-02-23,0.031253349231851336
897,1534701,2020-02-21,-0.4582633224188113
898,1539838,2016-02-19,0.0768590562540817
899,1539838,2017-02-15,-0.12061872590744366
900,1539838,2018-02-15,0.005273639829547806
901,1539838,2019-02-25,-0.03723048850659875
902,1551152,2018-02-16,-0.03094433571806595
903,1551152,2019-02-27,0.017000357786978015
904,1551182,2016-02-24,0.1000000067160164
905,1551182,2018-02-28,-0.012267631985221475
906,1551182,2019-02-27,-0.013888923053808993
907,1551182,2020-02-26,-0.22758338103350567
908,1555280,2017-02-16,0.02841985666336127
909,1555280,2018-02-15,0.07452227355568272
910,1555280,2019-02-14,0.03935232773836233
911,1555280,2020-02-13,-0.17013939041486134
912,946581,2018-05-17,0.06700039573967846
913,946581,2019-05-14,0.06924189239628997
914,96021,2017-08-30,0.023524980079767773
915,96021,2016-08-30,-0.055844434986261064
916,927653,2017-05-22,0.0479346096770884
917,927653,2018-05-24,0.033673582896765065
918,927653,2019-05-15,0.05399420042784046
919,935703,2016-03-28,0.01521528219512149
920,935703,2019-03-27,0.05488391051339631
921,935703,2018-03-16,0.014412503952145888
922,940944,2016-07-25,-0.0028508125897335947
923,943819,2018-08-17,0.0695692892590558
924,943819,2019-08-08,0.0676508571790853
925,920760,2016-01-22,-0.053067994738301066
926,920760,2017-01-20,0.05952100998100836
927,909832,2016-10-12,-0.007310953438992786
928,909832,2017-10-18,0.08524273193044161
929,909832,2019-10-11,0.01686824230751443
930,91419,2016-06-21,0.04376711910718108
931,91419,2017-06-19,-0.0618556707365782
932,91419,2018-06-18,0.06526533508997105
933,91419,2019-06-17,-0.0566993656445252
934,883241,2020-12-15,0.06249484149975651
935,896878,2016-09-01,-0.020740557927847143
936,896878,2017-09-01,0.0016913707081562372
937,896878,2018-08-31,0.03613246745192616
938,896878,2019-08-30,-0.0872866700956082
939,900075,2016-09-28,-0.04024477452959376
940,900075,2017-09-28,0.046369207061406056
941,900075,2019-09-30,0.05415160431926484
942,900075,2018-10-01,-0.07068214222318929
943,883241,2016-12-12,0.016522057889178713
944,857005,2017-11-29,-0.016382856899525983
945,858877,2016-09-08,0.0
946,858877,2019-09-05,-0.018587314027592505
947,858877,2018-09-06,0.017978052258126563
948,859737,2016-11-17,0.03913940512874059
949,866787,2016-10-24,0.05991179271295651
950,866787,2018-10-24,0.13637370930360812
951,822416,2017-02-01,0.03960396929968918
952,827054,2016-05-24,0.05764613932930046
953,827054,2017-05-30,-0.06217433947392779
954,827054,2018-05-18,0.09892241382854021
955,833444,2019-11-21,-0.023916607446870877
956,842023,2017-09-07,0.0160835248535649
957,842023,2019-08-28,0.03530952524673045
958,849399,2016-05-20,0.18026000137752957
959,849399,2017-05-19,-0.019641615638628554
960,849399,2018-10-26,0.16353893870210906
961,804328,2016-11-02,-0.0436725717053955
962,80424,2020-08-06,0.03955994073091562
963,804328,2017-11-01,0.24092774923295757
964,804328,2018-11-07,-0.09650369502409216
965,804328,2019-11-06,-0.02410493893103552
966,815097,2019-01-28,0.02269501320331619
967,818479,2018-03-15,-0.1395961484887804
968,779152,2019-08-26,0.045451343625724075
969,789019,2017-08-02,0.023249380784801352
970,789019,2019-08-01,-0.0014486234374827308
971,80424,2017-08-07,0.013998236495204429
972,76334,2016-08-26,-0.010629646067032813
973,764478,2016-03-23,0.05728838765240046
974,723125,2016-10-28,0.1703487365035684
975,723125,2017-10-26,0.22364537370222773
976,723125,2018-10-15,-0.10179502498248294
977,723125,2019-10-17,0.04857140844994849
978,723254,2016-07-29,0.07867999166150608
979,723254,2017-07-31,-0.008008911992377962
980,723254,2018-07-27,0.03706777617306919
981,723254,2019-07-26,-0.021590407901614192
982,72331,2018-12-14,0.03534369214805002
983,723531,2016-07-22,-0.009713535335595063
984,723531,2019-07-24,-0.06266903750504366
985,701985,2016-03-18,-0.06331129229681356
986,701985,2017-03-17,-0.07268470664316312
987,707549,2019-08-20,0.14557944913526516
988,711404,2016-12-22,0.04870012928098931
989,711404,2017-12-22,0.0948589197235674
990,712515,2016-05-27,-0.03289297178534894
991,712515,2017-05-24,-0.012821608434818572
992,56873,2020-04-01,0.03639346263447746
993,60667,2017-04-04,0.0482902637363706
994,63754,2018-01-25,0.010752735009898103
995,63754,2019-01-25,0.11849048129937087
996,48465,2018-12-07,-0.059539904839047565
997,48465,2019-12-06,-0.024040585551821536
998,48465,2020-12-04,-0.0162515922415597
999,52988,2017-11-21,0.023589250152623177
1000,52988,2019-11-25,-0.013002758183755165
1001,40704,2016-06-30,0.007992143820292029
1002,40704,2017-06-29,0.006549037699784095
1003,40704,2018-06-29,0.016267538364384274
1004,40704,2019-06-28,0.021325188920846703
1005,4127,2016-11-22,-0.028855858088648257
1006,4127,2018-11-15,-0.06084217918207967
1007,47217,2018-12-13,-0.050246783007227215
1008,47217,2019-12-12,0.04650018802741503
1009,354950,2016-03-24,0.03985893515740143
1010,354950,2018-03-22,0.009812318367172841
1011,354950,2020-03-25,0.16736355132207723
1012,38777,2016-11-14,0.032799597565214375
1013,315189,2017-12-18,0.08692547372925553
1014,315189,2018-12-17,0.0775602525262707
1015,315189,2019-12-19,0.019912031435438213
1016,319201,2018-08-06,0.004734972553337868
1017,319201,2019-08-16,0.1043198113165246
1018,320187,2016-07-21,0.03351464802875742
1019,320187,2018-07-25,0.06855874851040925
1020,320187,2017-07-20,-0.07021992924414128
1021,320187,2019-07-23,-0.03910034035724575
1022,32604,2016-11-16,0.022011989405176496
1023,32604,2017-11-20,0.13740462702660547
1024,32604,2018-11-19,-0.1456324501801979
1025,27419,2016-03-11,-0.012092408207539653
1026,27419,2017-03-08,-0.03235184959082831
1027,27419,2018-03-14,0.012314155674417404
1028,29534,2016-03-22,-0.0110846279888198
1029,29534,2017-03-24,0.01784683079819956
1030,29534,2019-03-22,0.05175791068250314
1031,2969,2017-11-16,-0.004715191347381998
1032,2969,2019-11-26,0.00277307667320373
1033,2969,2018-11-20,-0.021959834403979448
1034,29989,2016-02-09,0.08712646780884586
1035,202058,2018-08-27,0.004681446330631287
1036,21076,2016-08-16,-0.06515105886658676
1037,21076,2017-08-15,-0.011445322990942012
1038,21076,2018-08-14,0.06606042454806163
1039,23217,2016-07-15,-0.02917878899300771
1040,23217,2017-07-21,0.01711918530319242
1041,23217,2018-07-20,0.03679109156898123
1042,23217,2019-07-19,0.01972317309162672
1043,16732,2016-09-22,-0.03755186927743751
1044,16732,2017-09-27,0.009989399114228092
1045,16732,2019-09-26,-0.005139222153016735
1046,16732,2018-09-27,-0.0035268873022949866
1047,1679273,2017-07-25,-0.014886171204747861
1048,1679273,2018-07-26,-0.04311212192566999
1049,1679273,2019-07-25,0.055718483706432585
1050,1688568,2018-05-29,0.027412829837484127
1051,16918,2016-04-25,0.005483299097373141
1052,16918,2017-04-27,0.057699025242922135
1053,16918,2018-04-23,-0.054061143585636365
1054,16918,2019-04-23,-0.012097525344718247
1055,1707925,2018-03-23,0.057032546123984
1056,1707925,2019-03-18,0.03070753661781494
1057,1730168,2018-12-21,0.06496265331839873
1058,1730168,2019-12-20,-0.03200624280588754
1059,1732845,2019-11-18,0.04972508348343814
1060,1744489,2019-11-20,-0.005308642334298869
1061,1757898,2019-05-30,0.11646042796009624
1062,1590895,2016-03-15,0.15740738696685744
1063,1596783,2017-08-28,0.13885745935125118
1064,1596783,2018-08-28,0.04090070681466032
1065,1601046,2016-12-19,0.0002786886709547734
1066,1601046,2017-12-20,0.07919873053131544
1067,1601046,2018-12-18,0.13998682195516549
1068,1601046,2019-12-18,0.013855503099950794
1069,1604778,2016-05-31,0.07219933719917254
1070,1604778,2017-05-23,-0.10260986473389974
1071,1604778,2018-05-21,0.028465773446191334
1072,1604778,2019-05-17,-0.038010328383793986
1073,1613103,2016-06-28,0.039695792625547247
1074,1618921,2016-10-20,0.02777092191094965
1075,1618921,2017-10-25,0.013264102665074202
1076,1618921,2018-10-11,0.16205920474593524
1077,1618921,2019-10-28,0.07724016903621125
1078,1637459,2016-03-03,0.02210157714577823
1079,1637459,2019-06-07,0.0782881008322451
1080,1645590,2016-12-15,-0.03329123221218412
1081,1645590,2017-12-15,0.09715479438093234
1082,1645590,2018-12-12,-0.027322442815858848
1083,1521332,2016-02-08,0.238203833146046
1084,946581,2020-05-22,0.014945599499069498
1085,96021,2020-08-26,0.07843475341796875
1086,96943,2020-02-21,-0.3416846642658516
1087,97210,2020-03-02,-0.13803937935400637
1088,97476,2020-02-20,-0.22742832013582145
1089,97745,2020-02-26,-0.12123175877333472
1090,93410,2020-02-21,-0.45518761374366007
1091,93556,2020-02-21,-0.497469994427309
1092,935703,2020-03-20,0.0758194292967942
1093,936340,2020-02-05,-0.11260687520448583
1094,936468,2020-02-07,-0.12910720330034842
1095,93751,2020-02-20,-0.4013351979264189
1096,9389,2020-02-19,-0.16309576470040435
1097,940944,2020-07-24,0.051754828667508385
1098,943452,2020-02-24,-0.4463588563569575
1099,943819,2020-08-13,-0.031040474775203414
1100,945841,2020-02-27,-0.14506215388043509
1101,916076,2020-02-21,-0.3889905487392442
1102,916365,2020-02-20,-0.22838384454900568
1103,920148,2020-02-28,-0.2674027837366967
1104,920522,2020-02-20,-0.3588972533336228
1105,920760,2020-01-27,-0.03670680914098733
1106,92122,2020-02-20,-0.2708780503371753
1107,922224,2020-02-14,-0.2247667259165277
1108,92230,2019-02-26,-0.1179477123251769
1109,92380,2020-02-04,-0.18803881399637631
1110,927066,2019-02-22,-0.06303238015075917
1111,927628,2019-02-20,0.020430396717441984
1112,927653,2016-05-05,0.07967579622916175
1113,906163,2020-02-19,-0.4235252467430423
1114,906345,2020-02-20,-0.3512948746401851
1115,908255,2020-02-13,-0.29817561134109005
1116,909832,2020-10-07,0.06236575211726108
1117,910606,2020-02-18,-0.25778328314567645
1118,91142,2020-02-24,-0.16900097228476413
1119,912595,2020-02-20,-0.3265402621805068
1120,91419,2020-06-19,-0.020470013832916963
1121,914208,2020-03-02,-0.45805139556172353
1122,91440,2020-02-13,-0.23509719006062849
1123,915389,2020-02-26,-0.2922047780113909
1124,91576,2020-02-26,-0.444255820462688
1125,915912,2017-02-24,0.020157339072536345
1126,884887,2020-02-25,-0.6150753763706711
1127,885725,2020-02-25,-0.2929090598534701
1128,886982,2020-02-21,-0.39983519819355834
1129,891103,2020-02-28,-0.0387692378117488
1130,895421,2017-02-27,-0.07373475254939363
1131,896159,2020-02-27,-0.27240023465051316
1132,896878,2020-08-31,-0.06297228952069936
1133,89800,2020-02-21,-0.28018277014017706
1134,898173,2020-02-28,-0.14995120514720106
1135,899689,2020-02-18,-0.4787547585225674
1136,900075,2020-09-28,0.0559532272711462
1137,906107,2020-02-20,-0.2984953756951336
1138,874716,2020-02-14,-0.11984902263540287
1139,874766,2020-02-21,-0.46132642775643423
1140,875045,2020-02-06,-0.05794086879721429
1141,875320,2020-02-13,-0.15006872143306654
1142,877212,2020-02-13,-0.30777477525789915
1143,878927,2019-02-27,-0.040010587648731936
1144,879101,2020-02-25,-0.4354144341123453
1145,879169,2020-02-13,-0.12850744415781948
1146,8818,2020-02-26,-0.18424561812740123
1147,882095,2020-02-25,0.05506420391402097
1148,882184,2020-11-20,-0.023599955240885418
1149,882835,2020-02-28,-0.13053739570268783
1150,883241,2017-12-14,0.027165256859018803
1151,858470,2019-02-26,0.050975657036392
1152,858877,2020-09-03,-0.06544567167874717
1153,859737,2020-11-17,0.022638850741916232
1154,860730,2020-02-20,-0.43622983150427386
1155,860731,2019-02-20,-0.0404333928349039
1156,86312,2020-02-13,-0.25350674561521636
1157,864749,2020-02-28,-0.2439209542154193
1158,865752,2020-02-28,-0.09645890838779256
1159,866787,2020-10-26,-0.01944446563720703
1160,872589,2020-02-07,0.29475999423325094
1161,87347,2020-01-22,-0.08969468070214556
1162,822416,2020-01-30,-0.11996496290774795
1163,823768,2020-02-13,-0.21323355692951115
1164,827054,2020-05-22,0.17811183036660713
1165,829224,2020-11-12,0.10125094990164092
1166,831259,2020-02-14,-0.38480389292356504
1167,832101,2020-02-21,-0.32806461346544297
1168,833444,2020-11-16,0.014991188183992199
1169,842023,2020-08-26,-0.04363650193006142
1170,84839,2020-02-28,-0.08493585775824783
1171,849399,2020-05-28,-0.08691497843393564
1172,851968,2020-02-28,-0.35583986848851024
1173,857005,2016-11-18,-0.033894854468673324
1174,804328,2020-11-04,0.16236335770496077
1175,80661,2020-03-02,-0.0826571611319863
1176,811156,2020-02-06,0.006090369339988239
1177,813672,2020-02-24,-0.21753745499469393
1178,813828,2020-02-20,-0.5691362413420441
1179,814453,2019-03-04,-0.04903791965220192
1180,815097,2020-01-28,-0.3150537552372102
1181,815556,2020-02-06,-0.0807388192636769
1182,818479,2020-03-02,-0.24853977388411466
1183,820027,2019-02-27,-0.04549929925509984
1184,820313,2018-02-21,0.01415614692786501
1185,821189,2017-02-27,-0.031151087097121076
1186,779152,2020-08-25,-0.052650616110962334
1187,78003,2020-02-27,-0.06891488149749875
1188,783325,2020-02-27,-0.09198410569378311
1189,788784,2020-02-26,-0.26417132240047636
1190,789019,2020-07-30,0.12265821733335629
1191,789570,2020-02-27,-0.4729623993727872
1192,79282,2020-02-24,-0.33079689434788634
1193,797468,2020-02-28,-0.6453879333698025
1194,798354,2020-02-27,-0.09996313232542946
1195,79879,2020-02-20,-0.358579112205919
1196,80424,2019-08-06,0.07420374035276804
1197,75362,2020-02-19,-0.24895598169479854
1198,75677,2020-02-26,-0.1526376965625937
1199,759944,2020-02-24,-0.5599001863235175
1200,76334,2020-08-26,-0.0467156216454558
1201,764180,2020-02-25,-0.2379383433979749
1202,764478,2020-03-23,0.36082077778134825
1203,764622,2020-02-21,-0.3672779535017854
1204,765880,2020-02-13,-0.32618021293542604
1205,766704,2020-02-14,-0.4258844720722903
1206,77360,2019-02-19,0.026129958152375427
1207,773840,2020-02-14,-0.17366292970779346
1208,77476,2016-02-11,0.04004125069473549
1209,73124,2020-02-25,-0.2334028013181866
1210,731766,2020-02-14,-0.08949725665581558
1211,731802,2020-11-13,-0.03024670963702425
1212,732712,2020-02-21,-0.10996566051515061
1213,732717,2020-02-20,-0.19321420832484962
1214,73309,2020-02-28,-0.19322849234855652
1215,740260,2020-02-24,-0.6352101462599117
1216,74208,2020-02-18,-0.22982351938233825
1217,745732,2020-03-31,0.1159020546116211
1218,746515,2020-02-21,-0.27144946348392474
1219,749251,2020-02-19,-0.457514646005518
1220,753308,2017-02-23,0.02508326654093749
1221,719739,2020-02-28,-0.2345311609595503
1222,720005,2020-11-24,0.0009578763390111262
1223,723125,2020-10-19,0.1540946313083933
1224,723254,2020-07-29,0.09182478159173227
1225,72331,2020-12-18,-0.0275750809910558
1226,723531,2020-07-17,0.011157976849370374
1227,726728,2020-02-24,-0.4725568924478166
1228,72741,2020-02-27,-0.12042000875266809
1229,728535,2020-03-02,-0.06275888268241175
1230,72903,2020-02-21,-0.28508893975870125
1231,72971,2019-02-27,-0.017835735012635898
1232,66740,2020-02-06,-0.07047698305945607
1233,68505,2020-02-14,-0.15975275814128906
1234,701985,2020-03-30,0.08396937475560601
1235,702165,2020-02-06,-0.1755218537607019
1236,707549,2020-08-18,-0.18335689279129472
1237,70858,2020-02-19,-0.4012096721030496
1238,711404,2020-12-11,0.0709694747739143
1239,712515,2020-05-20,0.08900041085772262
1240,713676,2020-03-02,-0.3414505512962321
1241,715957,2020-02-28,-0.06536199271430884
1242,718877,2019-02-28,0.08020885422569611
1243,56873,2019-04-02,0.07659931301734121
1244,59478,2020-02-19,0.016047677891441892
1245,59558,2020-02-20,-0.6850729199117326
1246,60086,2020-02-12,-0.2633042959871196
1247,60667,2020-03-23,0.40044236982936937
1248,62709,2020-02-20,-0.3249914798144913
1249,62996,2020-02-11,-0.1411739797349921
1250,63754,2020-01-28,-0.09514635242712702
1251,63908,2020-02-26,-0.2242741980348191
1252,64040,2020-02-10,-0.18225655346884306
1253,64803,2020-02-18,-0.19444444444444445
1254,65984,2017-02-24,0.010949791137784243
1255,49071,2020-02-20,-0.30944227826859483
1256,49196,2020-02-14,-0.3252840872530725
1257,4962,2020-02-13,-0.37877439678364805
1258,49826,2020-02-14,-0.16719899691290965
1259,50863,2020-01-24,-0.06031845785280517
1260,51143,2020-02-25,-0.25566297133799176
1261,51253,2020-03-03,-0.18910962075963844
1262,51434,2019-02-20,-0.03288641815569247
1263,51644,2020-02-21,-0.4870954307240189
1264,52988,2020-11-24,-0.006323819519160118
1265,55067,2020-02-24,-0.16961238180944163
1266,55785,2017-02-08,0.08500776500198819
1267,40533,2020-02-10,-0.19452346699349832
1268,40545,2020-02-24,-0.4848229080618531
1269,40704,2020-07-02,0.02911517450968141
1270,40987,2020-02-21,-0.42469598793443875
1271,4127,2020-11-17,0.04801814579806676
1272,4281,2020-02-27,-0.4167215338097017
1273,4447,2020-02-20,-0.5190049664151041
1274,45012,2020-02-11,-0.6014726171263935
1275,46080,2020-02-27,-0.14111433680355148
1276,47111,2020-02-20,-0.23933545405499626
1277,47217,2020-12-10,0.10185587408634338
1278,48465,2016-12-21,0.043440800032923166
1279,33213,2020-02-27,0.2936802769697052
1280,34088,2020-02-26,-0.2965477816214198
1281,34903,2020-02-10,-0.11924671400066916
1282,352541,2020-02-21,-0.31180248253327897
1283,352915,2020-02-26,-0.34953041505010146
1284,354950,2017-03-23,0.013581961161078428
1285,35527,2020-03-02,-0.4766718352454158
1286,36104,2020-02-20,-0.39397811045929443
1287,36270,2020-02-20,-0.3815843974942931
1288,37785,2020-02-28,-0.1770139204902349
1289,37996,2019-02-21,-0.022962090515407863
1290,38777,2017-11-13,0.08184268660117776
1291,313927,2020-02-18,-0.09796452967814376
1292,31462,2020-02-28,-0.12729288783136708
1293,315189,2020-12-17,0.11669752111155834
1294,315213,2020-02-14,-0.2154485225303812
1295,315293,2020-02-14,-0.24723200201750284
1296,316709,2019-02-22,-0.0511153755522925
1297,31791,2020-02-25,-0.13341110718841107
1298,319201,2020-08-07,-0.04673409268467271
1299,320187,2020-07-24,0.11500558427031697
1300,320335,2020-02-27,-0.2426686738973316
1301,32604,2020-11-16,0.05705865751413209
1302,33185,2019-02-21,0.017739153972011742
1303,27419,2020-03-11,-0.013070703342293308
1304,277135,2020-02-20,-0.242708468669496
1305,277948,2019-02-06,0.06417977426113
1306,27904,2020-02-13,-0.429900245636049
1307,28412,2020-02-11,-0.3533665117391593
1308,29534,2020-03-19,0.27349650776469625
1309,2969,2020-11-19,-0.002995996458353369
1310,29905,2020-02-14,-0.24286668164623315
1311,29989,2020-02-11,-0.16951344048973446
1312,310158,2020-02-26,-0.1466099392758066
1313,310764,2020-02-06,-0.13123166545441425
1314,313616,2020-02-21,-0.23517424126456032
1315,19617,2020-02-25,-0.29961984152540516
1316,200406,2020-02-18,-0.08414914243743042
1317,202058,2019-08-22,-0.006235065614725121
1318,20286,2020-02-25,-0.2549656633536988
1319,21076,2019-08-14,0.010490236033463596
1320,21344,2020-02-24,-0.3595907860851815
1321,21665,2020-02-21,-0.18604950093834455
1322,217346,2020-02-25,-0.4673157193472181
1323,23217,2020-07-24,0.03305105338158684
1324,24545,2020-02-12,-0.2623423670863246
1325,24741,2020-02-18,-0.22917411529401094
1326,26172,2020-02-11,-0.11363358382326924
1327,1659166,2020-02-27,-0.2649025262572983
1328,1666700,2019-02-11,0.05153844456892647
1329,16732,2020-09-24,0.03717149781504481
1330,1679273,2020-07-28,0.000480656758639049
1331,1688568,2020-06-01,0.11788616152684031
1332,16918,2020-04-21,0.1271075441457337
1333,1701605,2020-02-13,-0.5153985576885284
1334,1707925,2020-03-02,-0.1881402973889181
1335,1711269,2020-03-02,-0.2542152982390711
1336,1730168,2020-12-18,0.02598032172392856
1337,1732845,2020-11-23,0.01646574482275591
1338,1739940,2020-02-27,-0.06810311597015642
1339,1744489,2020-11-25,0.16526930038823995
1340,1757898,2020-05-29,-0.10585326193984841
1341,18230,2020-02-19,-0.2684494936425615
1342,18926,2019-03-11,0.017017831081868533
1343,1590955,2020-02-13,-0.36700850565901877
1344,1596532,2020-02-14,-0.2090213740489289
1345,1596783,2020-08-31,-0.07902700063344595
1346,1601046,2020-12-17,0.15316090637158483
1347,1604778,2020-05-20,0.08197039650257279
1348,1601712,2019-02-15,0.034330713467335135
1349,1613103,2020-06-19,0.049728441985244586
1350,1618921,2020-10-15,0.13469712478843834
1351,1633917,2019-02-07,0.06175014534479699
1352,1637459,2020-02-14,-0.1082589262747997
1353,1645590,2019-12-13,-0.03493452249713452
1354,1519751,2020-02-26,-0.3458275698043095
1355,1521332,2020-02-03,-0.05246774662950035
1356,1524472,2020-02-28,-0.15309021073860513
1357,1534701,2019-02-22,0.01222270371760583
1358,1539838,2020-02-27,-0.5637188809237879
1359,1551152,2020-02-21,-0.2752737957210312
1360,1551182,2017-02-22,-0.0070345122238685345
1361,1571949,2016-02-04,-0.037181479782948695
1362,1555280,2016-02-24,0.006372444290067895
1363,1571949,2017-02-07,-0.015184379155317947
1364,1571949,2019-02-07,-0.008735984585695113
1365,1571949,2018-02-07,0.03704744162844418
1366,1571949,2020-02-06,0.08656090332843447
1367,1579241,2018-02-20,-0.0047864072447003055
1368,1585689,2016-02-26,0.06618360433780787
1369,1585689,2017-02-15,-0.03649509253880874
1370,1585689,2018-02-14,-0.05490288651486565
1371,1585689,2019-02-13,0.05090085392117895
1372,1585689,2020-02-11,-0.20028335627420749
1373,1590895,2017-03-13,0.01871649517869204
1374,1442145,2017-02-21,-0.049771162949318395
1375,1442145,2016-02-24,0.08192595941630713
1376,1442145,2018-02-20,0.0712077078268986
1377,1442145,2019-02-19,0.03423613377627927
1378,1442145,2020-02-18,-0.15650496168581693
1379,1463101,2016-03-01,-0.045082020874914086
1380,1463101,2017-03-16,-0.043795665532844204
1381,1463101,2018-04-02,-0.09977832888355828
1382,1463101,2019-03-15,0.09723757965683111
1383,1463101,2020-02-21,-0.559993231801315
1384,1466258,2017-02-13,-0.030373235761378004
1385,1466258,2016-02-12,0.1455572609280239
1386,1466258,2018-02-12,-0.014079876800401896
1387,1466258,2019-02-12,0.015614386669272715
1388,1466258,2020-02-18,-0.17122375685473132
1389,1467858,2016-02-03,0.04253110439112941
1390,1467858,2017-02-07,0.08005702266234581
1391,1467858,2018-02-06,-0.09842328886316191
1392,1467858,2019-02-06,-0.015785544237632607
1393,1467858,2020-02-05,-0.09991430815349915
1394,14693,2016-06-16,0.010446562592056334
1395,14693,2017-06-15,-0.04724570458298606
1396,14693,2018-06-13,-0.027197820223054215
1397,14693,2020-06-19,0.03260865375641978
1398,14693,2019-06-13,-0.02164429496685029
1399,1474735,2016-02-26,0.05426354551504215
1400,1474735,2017-02-24,-0.050381668719452696
1401,1474735,2018-02-26,-0.0374458769192076
1402,1474735,2019-02-26,-0.04598805721590672
1403,1474735,2020-02-25,-0.20128598420969113
1404,1478242,2016-02-11,0.10644065727621822
1405,1478242,2017-02-16,0.051645550272666235
1406,1478242,2018-02-16,0.03558783989132238
1407,1478242,2019-02-19,0.011237516970535731
1408,1489393,2016-02-16,0.08071347223014945
1409,1478242,2020-02-18,-0.3489904265902528
1410,1489393,2017-02-17,-0.02755360119560844
1411,1489393,2018-02-22,0.003428649708020605
1412,1489393,2019-02-21,-0.02451975332141596
1413,1489393,2020-02-20,-0.4813437272508339
1414,1501585,2016-02-18,0.03428053985965631
1415,1501585,2017-02-16,0.008049930559936644
1416,1501585,2018-02-15,0.00046985049326235946
1417,1501585,2019-02-14,-0.031005194092469487
1418,1501585,2020-02-13,-0.2943760855111411
1419,1506307,2016-02-16,0.1568501809996937
1420,1506307,2018-02-09,-0.07134568205139552
1421,1506307,2017-02-10,-0.053825583145553954
1422,1506307,2019-02-08,0.10099887062101026
1423,1506307,2020-02-12,-0.28931680974113844
1424,1510295,2016-02-26,0.07744002386470956
1425,1510295,2017-02-24,-0.014591236459082472
1426,1510295,2018-02-28,0.13768342227545094
1427,1510295,2019-02-28,0.002902762619706046
1428,1510295,2020-02-28,-0.5118093523316313
1429,1513761,2016-02-29,0.0451861868052474
1430,1513761,2017-02-27,-0.005712052647480275
1431,1513761,2018-02-27,-0.06806472009769204
1432,1513761,2019-02-27,-0.008011628575723132
1433,1513761,2020-02-27,-0.547783555580982
1434,1393612,2017-02-23,-0.05317653891754627
1435,1393612,2018-02-21,-0.041099324062212526
1436,1393612,2019-02-20,0.02806470859751345
1437,1393612,2020-02-26,-0.45724636575450067
1438,1396009,2016-02-25,0.07276992252637447
1439,1396009,2017-02-24,-0.02062468436148307
1440,1396009,2018-02-27,-0.0182552851703559
1441,1396009,2020-02-26,-0.20889108808899676
1442,1396009,2019-02-26,0.01536421954763383
1443,1402057,2016-02-25,0.03544108481349807
1444,1402057,2017-03-01,-0.034626961142413155
1445,1402057,2018-03-01,-0.024556107484702577
1446,1402057,2019-02-27,0.00800499775955852
1447,1402057,2020-02-28,-0.17921555771260841
1448,1403161,2016-11-15,0.007127371271081215
1449,1403161,2017-11-17,0.036423238127076034
1450,1403161,2018-11-16,-0.036310433755430055
1451,1403161,2019-11-14,0.029986088398600487
1452,1403568,2016-03-30,0.07299983578584178
1453,1403161,2020-11-19,0.018017970334862667
1454,1403568,2017-03-28,-0.004171649356181132
1455,1403568,2018-04-03,0.21548092882855388
1456,1403568,2019-04-02,-0.03558878717534102
1457,1403568,2020-03-27,0.20676416139416964
1458,1408198,2016-02-26,-0.02373725148268324
1459,1408198,2017-02-24,0.01653759489129231
1460,1408198,2018-02-26,0.06681906437905276
1461,1408198,2019-02-22,0.10448179117301981
1462,1408198,2020-02-18,-0.212449145532994
1463,1410636,2017-02-21,0.02083897699642071
1464,1410636,2016-02-25,-0.006172017332907298
1465,1410636,2018-02-20,0.020914191620010472
1466,1410636,2019-02-19,0.06514691493402622
1467,1410636,2020-02-18,-0.005457378549577863
1468,1413329,2016-02-17,0.06521973834598112
1469,1413329,2017-02-14,0.08227719498301496
1470,1413329,2019-02-07,0.13410651421798708
1471,1413329,2020-02-07,-0.002058322600998094
1472,1413329,2018-02-13,0.03968943441793385
1473,1413447,2020-02-27,-0.21737611916975896
1474,1418135,2017-02-14,0.017621138874245
1475,1418135,2016-02-23,-0.02953625474507101
1476,1418135,2018-02-14,0.02384472871331935
1477,1418135,2019-02-28,0.11013918488184639
1478,1418135,2020-02-27,-0.12216709927594371
1479,1419612,2016-08-17,-0.1784909929865202
1480,1419612,2018-02-20,0.16122228847584397
1481,1419612,2019-02-28,-0.12943676344678584
1482,1419612,2020-02-27,-0.2818578869405479
1483,14272,2016-02-12,0.07906973855826877
1484,14272,2017-02-21,0.029755405338403627
1485,14272,2018-02-13,0.05605132419330977
1486,14272,2019-02-25,-0.04916093985100011
1487,14272,2020-02-24,-0.27465998686174636
1488,1437107,2016-02-18,0.13583135941616373
1489,1437107,2017-02-14,-0.03610237160378467
1490,1437107,2018-02-28,-0.10855260784441054
1491,1437107,2020-02-27,-0.15160112523518104
1492,1437107,2019-03-01,-0.07083904646997845
1493,1336920,2017-02-24,-0.025887601303204374
1494,1336920,2018-02-23,0.0022786195003285633
1495,1336920,2019-02-19,0.01893757469377275
1496,1336920,2020-02-18,-0.339555295835002
1497,1341439,2016-06-22,0.026493412090960462
1498,1341439,2017-06-27,0.008275825989070198
1499,1341439,2018-06-22,0.10022680581806229
1500,1341439,2019-06-21,0.025302958137367305
1501,1341439,2020-06-22,0.014332382634905298
1502,1352010,2016-02-23,0.08516862395357268
1503,1352010,2017-03-01,0.008547000709448131
1504,1352010,2018-02-27,0.022860158211580998
1505,1352010,2019-02-26,0.046593203799255176
1506,1352010,2020-03-02,-0.23365377211452423
1507,1364742,2016-02-26,0.0648572390439498
1508,1364742,2017-02-28,-0.032158136917015676
1509,1364742,2018-02-28,-0.03152359273265828
1510,1364742,2019-02-28,-0.05320153988385529
1511,1364742,2020-02-28,-0.06192093653060998
1512,1370637,2016-03-01,0.0406698763816728
1513,1370637,2017-02-28,-0.1625412776922592
1514,1370637,2019-02-28,-0.08081934584174427
1515,1370637,2018-03-01,0.10821484218573116
1516,1370637,2020-02-27,-0.2769336603575752
1517,1373715,2016-02-25,0.1390324741601098
1518,1373715,2017-02-28,-0.02358485349227379
1519,1373715,2018-02-28,0.011241617782341862
1520,1373715,2020-02-20,-0.2132940393793831
1521,1373715,2019-02-27,0.019516468266213963
1522,1374310,2016-02-19,0.03363080553404696
1523,1374310,2017-02-21,-0.0003724705606638691
1524,1374310,2018-02-22,0.06702439803514643
1525,1374310,2020-02-21,-0.3500529969438865
1526,1374310,2019-02-22,-0.019565211382014294
1527,1383312,2016-08-09,0.03526163332637057
1528,1383312,2017-08-10,0.09407862709739744
1529,1383312,2018-08-07,0.06046293775106213
1530,1383312,2020-08-11,-0.05791285407214032
1531,1383312,2019-08-06,0.06892624410044335
1532,1385157,2016-11-15,0.05011156500493727
1533,1385157,2017-11-14,0.015455094361103261
1534,1385157,2019-11-12,-0.0003219444000711029
1535,1385157,2018-11-13,-0.02681590167635139
1536,1385157,2020-11-10,0.11171409756959377
1537,1389170,2016-02-29,0.04241076386122023
1538,1389170,2017-02-21,-0.02667581028560589
1539,1389170,2018-02-16,-0.03256108074012612
1540,1389170,2019-03-01,-0.004074831703461609
1541,1389170,2020-02-20,-0.8380228202051504
1542,1390777,2016-02-26,0.03211516837527159
1543,1390777,2018-02-28,-0.11064348051300354
1544,1390777,2017-02-28,-0.0188799194139123
1545,1390777,2019-02-27,-0.03620852791302577
1546,1390777,2020-02-27,-0.1943359194920045
1547,1393311,2016-02-29,0.08164647645156498
1548,1393311,2017-03-01,-0.0454366985817304
1549,1393311,2018-03-01,0.021824479965204577
1550,1393311,2019-02-27,0.05061781680004245
1551,1393311,2020-02-25,-0.23646328246886206
1552,1393612,2016-02-24,0.067437413564969
1553,1286681,2019-02-21,-0.035848354856924954
1554,1286681,2018-02-20,0.027901903122089115
1555,1289490,2016-02-29,0.10931217968036414
1556,1286681,2020-02-20,-0.13404434698999576
1557,1289490,2017-02-27,-0.05621935732116238
1558,1289490,2018-03-01,0.017470300364977577
1559,1289490,2020-02-25,-0.2680373860296802
1560,1289490,2019-02-26,0.08396618519084625
1561,12927,2016-02-10,0.05586112036700823
1562,12927,2017-02-08,0.11116541716175528
1563,12927,2018-02-12,0.03118092379677032
1564,12927,2019-02-08,0.04358991809748667
1565,12927,2020-01-31,-0.13560814764805035
1566,1297996,2016-02-29,0.09953209532005586
1567,1297996,2017-03-01,-0.01527213543036698
1568,1297996,2018-03-01,0.06552068379739569
1569,1297996,2019-02-25,0.017163368847705404
1570,1297996,2020-03-02,0.030576979587789366
1571,1300514,2016-02-26,0.09494998384007566
1572,1300514,2017-02-24,0.06555495694225205
1573,1300514,2018-02-23,-0.04022609201544313
1574,1300514,2019-02-22,-0.0066547612944386535
1575,1300514,2020-02-07,-0.17874254335220505
1576,1306830,2016-02-05,0.07693613022643762
1577,1306830,2017-02-10,0.009064076625881766
1578,1306830,2018-02-09,0.06536276930046118
1579,1306830,2019-02-07,0.07331807083577628
1580,1306830,2020-02-06,-0.13438698344150934
1581,1318605,2016-02-24,0.2434637014108599
1582,1318605,2017-03-01,0.11311099698449403
1583,1318605,2018-02-23,-0.12199969459666077
1584,1318605,2019-02-19,-0.11827639931209638
1585,1318605,2020-02-13,-0.30279850754235416
1586,1324404,2016-02-25,-0.036791294299408875
1587,1324404,2017-02-23,-0.08139535441319237
1588,1324404,2019-02-22,-0.06716585216632738
1589,1324404,2018-02-22,-0.1003025657633549
1590,1324404,2020-02-24,-0.43239763388574887
1591,1324424,2016-02-11,0.05814060508027471
1592,1324424,2017-02-10,0.01679574017909078
1593,1324424,2018-02-09,0.06086540222167969
1594,1324424,2019-02-08,-0.05840977990363865
1595,1324424,2020-02-14,-0.43298049248361764
1596,1326160,2016-02-25,0.043301902837208445
1597,1326160,2017-02-24,0.008784788052047812
1598,1326160,2018-02-21,0.014602395425239735
1599,1326160,2019-02-28,0.009145657610214368
1600,1326160,2020-02-20,-0.2600808160706655
1601,1326801,2016-01-28,-0.010906447023641123
1602,1326801,2017-02-03,0.04412886675702958
1603,1326801,2018-02-01,-0.07649277173233607
1604,1326801,2020-01-30,-0.08142031049483978
1605,1326801,2019-01-31,-0.023276770208077554
1606,1335258,2016-02-25,0.08937190366839336
1607,1335258,2017-02-23,-0.033938179472916774
1608,1335258,2018-02-27,-0.092984264433696
1609,1335258,2019-02-28,0.11969590334841519
1610,1335258,2020-02-27,-0.20450218828209552
1611,1170010,2018-04-24,0.0766470478087575
1612,1170010,2019-04-19,0.009114959963314403
1613,1170010,2020-04-21,0.23230569703840784
1614,1174922,2016-02-29,0.1254849424451561
1615,1174922,2017-02-24,0.19476648380520853
1616,1174922,2018-02-28,0.061074601358442164
1617,1174922,2019-02-28,-0.07886836798425356
1618,1174922,2020-02-28,-0.4136877254576806
1619,1175454,2016-02-29,0.14143626919328342
1620,1175454,2017-03-01,-0.08084981683896054
1621,1175454,2018-03-01,0.01376720901126408
1622,1175454,2020-03-02,-0.38583181118747717
1623,1179929,2016-02-26,0.01085222321786944
1624,12208,2016-02-29,-0.004084990004835803
1625,1175454,2019-03-01,0.05682935928846815
1626,12208,2017-03-01,0.016937006392546625
1627,12208,2018-04-16,0.08358449339633757
1628,12208,2020-03-02,-0.09237028313396617
1629,12208,2019-04-01,-0.02104749950932618
1630,1260221,2016-11-15,-0.03139973628910182
1631,1260221,2017-11-13,0.030534351145038167
1632,1260221,2019-11-19,-0.001267197157765724
1633,1260221,2018-11-09,-0.03938898592525439
1634,1260221,2020-11-12,0.08132525892205776
1635,1262039,2016-02-26,0.014941236310970078
1636,1262039,2017-03-01,0.02787458939731923
1637,1262039,2018-02-26,0.05226550239560446
1638,1262039,2019-02-27,-0.03481225906568342
1639,1262039,2020-02-26,-0.08770940379741143
1640,1267238,2020-02-19,-0.42841905140394315
1641,1278021,2016-02-25,0.007966431431800314
1642,1278021,2017-02-21,-0.015098078132059534
1643,1278021,2018-02-21,0.11005492907069302
1644,1278021,2019-02-20,0.008776759552536042
1645,1278021,2020-02-18,-0.04084334631870169
1646,1280452,2016-02-29,0.03149334155781872
1647,1280452,2017-03-01,0.02974056306021967
1648,1280452,2018-03-01,0.0
1649,1280452,2019-03-01,-0.0050667294736894
1650,1281761,2016-02-16,0.03443871158602361
1651,1281761,2017-02-24,-0.06381580784215184
1652,1280452,2020-02-28,0.019288940811691788
1653,1281761,2018-02-26,-0.09040399379552952
1654,1281761,2019-02-22,-0.11145317065591066
1655,1281761,2020-02-21,-0.4941824698424586
1656,1283699,2016-02-17,0.00895527394082364
1657,1283699,2017-02-14,0.0038961312404516453
1658,1283699,2018-02-08,0.0964673299497332
1659,1283699,2019-02-07,0.0366139432439185
1660,1283699,2020-02-06,0.08565910661878808
1661,1285785,2016-02-19,0.21803277778676733
1662,1285785,2017-02-15,-0.15334513277134493
1663,1285785,2019-03-13,-0.0678261134935462
1664,1285785,2018-02-21,-0.08849229711741682
1665,1285785,2020-02-20,-0.5549539484235149
1666,1286681,2016-02-25,-0.03130164480338894
1667,1286681,2017-02-28,-0.030872981854091215
1668,1136893,2019-02-21,-0.0034540957533147304
1669,1136893,2020-02-20,-0.3288046678386029
1670,1137774,2016-02-19,0.14657285406355136
1671,1137774,2017-02-17,0.004590065101511253
1672,1137774,2018-02-16,-0.008589988474685128
1673,1137774,2019-02-15,0.011895858725819013
1674,1137774,2020-02-14,-0.4398814956745905
1675,1137789,2016-08-05,0.055711081273707545
1676,1137789,2017-08-04,-0.04875863156551842
1677,1137789,2018-08-03,-0.006310321934813282
1678,1137789,2019-08-02,0.1175161082446874
1679,1137789,2020-08-07,0.03751924292026811
1680,1138118,2016-02-29,0.10743799915899511
1681,1138118,2017-03-01,-0.037887138762883965
1682,1138118,2018-03-01,0.017672406634876427
1683,1138118,2020-03-02,-0.3858050778151716
1684,1138118,2019-03-01,-0.0044291808761009015
1685,1140536,2016-02-29,0.047652678612966376
1686,1140536,2017-03-01,-0.0011446421258344795
1687,1140536,2018-02-28,-0.04129188895311947
1688,1140536,2019-02-27,0.041046090510015246
1689,1140536,2020-02-26,-0.1989826230129764
1690,1141391,2016-02-12,0.043468046506503
1691,1141391,2017-02-15,0.007568796041787318
1692,1141391,2018-02-14,0.04921162777718666
1693,1141391,2019-02-13,0.029019721366228313
1694,1141391,2020-02-14,-0.20806569849403656
1695,11544,2016-02-22,0.04258588625992721
1696,11544,2017-02-28,-0.0039425074562542345
1697,11544,2018-02-23,0.03128618107266729
1698,11544,2019-02-22,0.017080567100155836
1699,11544,2020-02-20,-0.37940309685312384
1700,1156039,2016-02-19,0.1214335369897299
1701,1156039,2017-02-22,0.02278435183045184
1702,1156039,2018-02-21,-0.00883507763023238
1703,1156039,2019-02-20,-0.015849246778028438
1704,1156039,2020-02-19,-0.31934483859888524
1705,1156375,2016-02-26,0.02146613759048698
1706,1156375,2017-02-27,-0.02401697088382587
1707,1156375,2019-02-28,-0.10626134595082193
1708,1156375,2020-02-28,-0.13821552144657184
1709,1156375,2018-03-01,-0.003204665544654435
1710,1158449,2018-02-21,0.0021929824561403508
1711,1163165,2016-02-23,0.2733900516583273
1712,1163165,2017-02-21,-0.04716393948446187
1713,1163165,2018-02-20,-0.02315828691156086
1714,1163165,2019-02-19,-0.027054213717254343
1715,1163165,2020-02-18,-0.5497427042278035
1716,1164727,2018-02-22,0.015678983147513415
1717,1164727,2017-02-21,-0.10363240907412995
1718,1164727,2016-02-17,0.10909819113629603
1719,1164727,2019-02-21,-0.043490565438110064
1720,1166691,2016-02-05,0.005554651269184649
1721,1164727,2020-02-20,-0.13222446980068245
1722,1166691,2018-01-31,-0.1380201998675395
1723,1166691,2017-02-03,-0.004783425460178891
1724,1166691,2019-01-31,0.053595818999967244
1725,1170010,2016-04-22,-0.009207096340241744
1726,1166691,2020-01-30,-0.08405072804198345
1727,1170010,2017-04-21,0.1104441515183849
1728,1109357,2018-02-09,0.016006456151571567
1729,1109357,2019-02-08,0.017393099492424815
1730,1109357,2020-02-11,-0.12606400460288217
1731,1110803,2016-03-02,0.061450406168200584
1732,1110803,2017-02-14,0.014897220285931103
1733,1110803,2018-02-13,0.14847575469537935
1734,1110803,2019-02-12,0.02730999361867233
1735,1110803,2020-02-11,-0.09408785845782305
1736,1111711,2016-02-18,0.06675807171682913
1737,1111711,2017-02-22,0.01726368654351138
1738,1111711,2018-02-20,0.009556877019100829
1739,1111711,2019-02-20,0.0578386039079308
1740,1111711,2020-02-28,-0.08364175390798222
1741,1113169,2016-02-05,0.06031467695893932
1742,1113169,2017-02-07,0.05210949643287703
1743,1113169,2018-02-16,0.04452896998338299
1744,1113169,2019-02-13,0.023438327892928795
1745,1113169,2020-02-13,-0.3275912286457204
1746,1116132,2016-08-19,-0.1307367967805508
1747,1116132,2017-08-18,0.025260040385909805
1748,1116132,2018-08-16,-0.028026516377397837
1749,1116132,2019-08-15,0.29460150732510104
1750,1116132,2020-08-13,0.046662300655495016
1751,1120193,2016-02-26,0.002662521342290733
1752,1120193,2018-02-28,0.014489140726608384
1753,1120193,2019-02-22,-0.052672961431200364
1754,1120193,2017-03-01,-0.03782210588575616
1755,1120193,2020-02-25,-0.26172049662123914
1756,1121788,2016-02-17,-0.04164644037937748
1757,1121788,2017-02-22,-0.04856880875355704
1758,1121788,2018-02-21,-0.03038624997371885
1759,1121788,2019-02-20,0.007464516792751616
1760,1121788,2020-02-19,-0.3082859038194367
1761,1123360,2018-02-23,-0.008299816143988259
1762,1123360,2019-02-21,0.05323011939321309
1763,1123360,2020-02-21,-0.4177797330820537
1764,1123360,2016-07-28,-0.026218224680246514
1765,1126328,2016-02-10,0.06414888866878077
1766,1126328,2017-02-08,0.05347594844217365
1767,1126328,2018-02-09,-0.00032579341851311935
1768,1126328,2019-02-13,0.03149764815886009
1769,1126328,2020-02-14,-0.36923351930320725
1770,1130310,2016-02-26,0.1332973136441711
1771,1130310,2017-02-28,0.01354322267080754
1772,1130310,2018-02-22,-0.005925920274522569
1773,1130310,2019-02-28,0.013271451027841975
1774,1130310,2020-02-27,-0.342301306139089
1775,1133421,2016-02-01,0.018977957181074603
1776,1133421,2017-01-30,0.08331885450563498
1777,1133421,2018-01-29,0.045279918100250525
1778,1133421,2019-01-31,0.04071856910816901
1779,1133421,2020-01-30,-0.1455816236395267
1780,1136869,2016-02-29,0.07778127269015492
1781,1136869,2017-03-01,0.02708385439828169
1782,1136869,2018-02-27,-0.0709327516053626
1783,1136869,2019-02-26,0.02618355254352772
1784,1136869,2020-02-21,-0.4537137107069972
1785,1136893,2016-02-26,0.05261383703323903
1786,1136893,2017-02-23,-0.038392044200356044
1787,1136893,2018-02-22,0.026012476624618218
1788,1093557,2016-02-23,-0.009167090672646221
1789,1093557,2017-02-28,0.06704193472690166
1790,1093557,2019-02-21,-0.0006153595753205128
1791,1093557,2018-02-27,0.2593323157156213
1792,1093557,2020-02-13,-0.01811984934207402
1793,109380,2016-02-29,0.16088181774263677
1794,109380,2017-02-28,-0.09175952353158374
1795,109380,2018-03-01,-0.030342064977382944
1796,109380,2019-02-26,-0.13228874278407846
1797,109380,2020-02-26,-0.3818746874675609
1798,1094285,2017-03-02,-0.04240495666855081
1799,1094285,2016-03-01,0.020611379883240934
1800,1094285,2018-02-27,0.013494766572182302
1801,1094285,2019-02-25,-0.032928279996185306
1802,1094285,2020-02-24,-0.3665892140655639
1803,1095073,2016-02-29,0.04448502961416653
1804,1095073,2017-03-01,-0.022329067422857774
1805,1095073,2018-03-01,0.07735549149968071
1806,1095073,2019-03-01,-0.04183855850444775
1807,1095073,2020-03-02,-0.29795474542067885
1808,1097149,2019-02-28,0.03857585893070753
1809,1097864,2016-02-24,0.1301204697454873
1810,1097864,2017-02-28,-0.007931254768765496
1811,1097864,2018-02-21,0.11709002472245737
1812,1097864,2019-02-20,-0.025675073917146938
1813,1097864,2020-02-19,-0.5956937816509226
1814,1099219,2016-02-25,0.07305936122637725
1815,1099219,2017-03-01,-0.027793093826310258
1816,1099219,2018-03-01,0.0034987939867424044
1817,1099800,2016-02-19,-0.004639894758430908
1818,1099219,2020-02-21,-0.5241069807024568
1819,1099219,2019-02-22,-0.03397408137548736
1820,1099800,2017-02-17,0.035769991357632196
1821,1099800,2019-02-15,0.0013500140621100453
1822,1099800,2018-02-16,0.05440142576519857
1823,1099800,2020-02-14,-0.195402299421129
1824,1100682,2016-02-12,0.039683649541585285
1825,1100682,2017-02-14,0.002360952457248371
1826,1100682,2018-02-13,0.07003523155913184
1827,1100682,2019-02-13,0.009847688499575754
1828,1100682,2020-02-11,-0.14995386796024193
1829,1101239,2016-02-26,0.04557163831858753
1830,1101239,2017-02-27,0.028761548044719854
1831,1101239,2018-02-26,0.019026840883243048
1832,1101239,2020-02-21,-0.22785408839439733
1833,1103982,2016-02-19,0.023360971441707335
1834,1101239,2019-02-22,0.06942175621131404
1835,1103982,2017-02-24,-0.029969162149428026
1836,1103982,2018-02-09,0.04413860079002436
1837,1103982,2019-02-08,-0.0019189797368818747
1838,1103982,2020-02-07,-0.051142175380219514
1839,1108524,2016-03-07,0.07220888241651256
1840,1108524,2017-03-06,0.03442419803503788
1841,1108524,2018-03-09,-0.08876858066798547
1842,1108524,2019-03-08,0.022571908004044867
1843,1108524,2020-03-05,-0.20807787308322714
1844,1109357,2016-02-10,0.09800775902277696
1845,1109357,2017-02-13,0.024786266052044592
1846,106640,2016-02-16,0.24651162895490755
1847,106640,2017-02-13,0.013282418512002748
1848,106640,2019-02-12,0.0011727034538722475
1849,106640,2018-02-13,-0.040425435008623244
1850,106640,2020-02-11,-0.22772729276163306
1851,1067701,2016-01-27,-0.07718483813598753
1852,1067701,2017-01-25,0.0865569683593804
1853,1067701,2018-01-24,-0.03465937789181476
1854,1067701,2019-01-23,0.17945182121386025
1855,1067701,2020-01-29,-0.1299093622284928
1856,1067983,2016-02-29,0.05306696887796096
1857,1067983,2017-02-27,-0.011545456041310602
1858,1067983,2018-02-26,-0.08622157831319016
1859,1067983,2019-02-25,-0.008699493490558723
1860,1067983,2020-02-24,-0.2686634349888455
1861,1070750,2016-02-22,0.09791122910444751
1862,1070750,2017-02-24,0.0005552597864934513
1863,1070750,2018-02-27,-0.005408349524478071
1864,1070750,2019-02-26,-0.05076141935391424
1865,1070750,2020-02-25,-0.27810270247995594
1866,1071739,2016-02-22,0.004504475329774359
1867,1071739,2017-02-21,-0.03642569156315745
1868,1071739,2018-02-20,0.04139239414976274
1869,1071739,2019-02-19,-0.07840401746054533
1870,1071739,2020-02-18,-0.13071499813639656
1871,107263,2016-02-26,-0.018542196642395738
1872,107263,2017-02-22,0.012857164655412947
1873,107263,2018-02-22,-0.05462183106140013
1874,107263,2019-02-21,0.04767187512885705
1875,1075531,2016-02-17,0.09342316533928859
1876,107263,2020-02-24,-0.4534313810279581
1877,1075531,2017-02-27,0.07420296129392541
1878,1075531,2018-02-27,0.12005183699796525
1879,1075531,2019-02-27,-0.07194648734670121
1880,1075531,2020-02-26,-0.18612202638179423
1881,10795,2016-11-23,-0.015253987114981155
1882,10795,2017-11-22,-0.028765089139293307
1883,10795,2018-11-21,-0.10147080081111712
1884,10795,2019-11-27,0.04093705570688954
1885,10795,2020-11-25,0.0902097150574087
1886,1090012,2016-02-17,0.28971959723326557
1887,1090012,2017-02-15,-0.09518424436003946
1888,1090012,2018-02-21,0.03205755812952301
1889,1090012,2019-02-20,-0.0009911029465416877
1890,1090012,2020-02-19,-0.7618838023365525
1891,1090727,2016-02-25,0.07889888444699694
1892,1090727,2017-02-21,-0.005569982058315997
1893,1090727,2018-02-21,0.031805176008752455
1894,1090727,2019-02-21,-0.03435937628745177
1895,1090727,2020-02-20,-0.09607440866283043
1896,1090872,2018-12-20,0.10339005386335953
1897,1091667,2016-02-10,0.15812019450693074
1898,1091667,2017-02-16,0.0028355219502055372
1899,1091667,2018-02-02,-0.12410321635584677
1900,1091667,2019-01-31,0.0422293052464056
1901,1091667,2020-01-31,-0.0469408408640415
1902,109198,2016-03-29,-0.02200462091701981
1903,109198,2017-03-28,0.003303292329497182
1904,109198,2019-04-03,0.02407377540106338
1905,109198,2018-04-04,-0.004882739742157906
1906,109198,2020-03-27,-0.016025641286893034
1907,1057352,2018-02-23,0.008368235915119414
1908,1057352,2019-02-28,0.004742921261303896
1909,1057352,2020-02-26,-0.20825398859314187
1910,105770,2016-02-26,0.03878554494718151
1911,105770,2018-02-26,-0.0012755173130375864
1912,105770,2017-02-28,-0.016612134428319957
1913,105770,2019-02-28,0.014988063912403043
1914,105770,2020-02-24,-0.22727540784048864
1915,1058090,2016-02-05,0.14965006989051768
1916,1058090,2018-02-08,0.20277433352576274
1917,1058090,2019-02-08,0.04591864520956202
1918,1058090,2017-02-07,0.032711161820630996
1919,1058290,2016-02-25,0.0538084892739633
1920,1058290,2017-03-01,-0.012116174974876815
1921,1058090,2020-02-05,-0.09865223947799115
1922,1058290,2018-02-27,-0.010665432796372288
1923,1058290,2019-02-19,-0.017764458135235448
1924,1058290,2020-02-14,-0.23092662466968467
1925,1059556,2016-02-25,0.0486236190012551
1926,1059556,2018-02-27,-0.03011220652409542
1927,1059556,2019-02-25,0.031246373273324274
1928,1059556,2017-02-24,-0.009886157097104635
1929,1059556,2020-02-24,-0.37996698609298907
1930,1060391,2016-02-12,0.07013571087356997
1931,1060391,2018-02-09,0.10071010258186545
1932,1060391,2017-02-17,0.038024713963638115
1933,1060391,2019-02-08,0.02347421810894692
1934,1060391,2020-02-14,-0.1538384636193808
1935,106040,2016-08-29,0.2321579453140319
1936,106040,2017-08-29,-0.03730432576591473
1937,106040,2018-08-24,-0.048425013102746516
1938,106040,2019-08-27,0.1735662631244312
1939,106040,2020-08-28,0.016649076785803036
1940,1063761,2016-02-26,0.05798324001482923
1941,1063761,2018-02-23,-0.026362854501907593
1942,1063761,2017-02-24,-0.09078081467811273
1943,1063761,2019-02-22,-0.029679311997564312
1944,1063761,2020-02-21,-0.6615817266105558
1945,1065088,2016-02-01,-0.005848007262902986
1946,1065088,2017-02-06,0.053387541815181426
1947,1065088,2018-02-05,0.013688974408215473
1948,1065088,2019-01-30,0.10269952499857844
1949,1065088,2020-01-31,0.032181107632997495
1950,1065280,2016-01-28,0.004024968103782388
1951,1065280,2018-01-29,0.02115319965964091
1952,1065280,2019-01-29,0.10328367847703457
1953,1065280,2017-01-27,0.005616027159681062
1954,1065280,2020-01-29,0.07538755927587718
1955,106535,2016-02-17,0.21794873412948704
1956,106535,2017-02-24,0.0
1957,106535,2018-02-16,0.012507067165779715
1958,106535,2020-02-14,-0.28506196394700484
1959,1065696,2016-02-25,0.08540543564805039
1960,1065696,2017-02-27,-0.06964231567942004
1961,106535,2019-02-15,0.00039147694498023797
1962,1065696,2018-02-28,-0.04787232552083711
1963,1065696,2019-03-01,0.02012938433089085
1964,1065696,2020-02-27,-0.25134587772341893
1965,1043277,2020-02-19,-0.11744698541849169
1966,1043604,2016-02-19,0.0740740625734566
1967,1043604,2018-02-23,-0.05091883158396901
1968,1043604,2019-02-22,-0.03006156846642265
1969,1043604,2017-02-24,-0.02040816052600407
1970,1043604,2020-02-20,-0.25287827696145554
1971,1045609,2016-02-19,0.14519147878627844
1972,1045609,2018-02-15,0.029474049467324518
1973,1045609,2017-02-15,-0.0010119254647835347
1974,1045609,2019-02-13,0.011296287139299149
1975,1045609,2020-02-11,-0.1595468103127592
1976,10456,2016-02-26,0.01724575957171679
1977,10456,2017-02-23,0.027783320953294298
1978,10456,2018-02-23,-0.041105873807851315
1979,10456,2019-02-21,0.042550338752130726
1980,10456,2020-03-17,0.12445654424541727
1981,1045810,2017-03-01,0.05973343063489492
1982,1045810,2016-03-17,0.1313224074761558
1983,1045810,2018-02-28,-0.06809915589892175
1984,1045810,2019-02-21,0.1195993394943823
1985,1045810,2020-02-20,-0.31010692322916494
1986,1047862,2016-02-18,0.05847715525320903
1987,1047862,2017-02-16,0.04509353119984834
1988,1047862,2018-02-15,-0.014784066666125785
1989,1047862,2019-02-21,0.04799995422363281
1990,1047862,2020-02-20,-0.15320369224613792
1991,1048286,2016-02-18,0.1056359770934898
1992,1048286,2018-02-15,0.0009908655694031944
1993,1048286,2017-02-21,0.00784182814135927
1994,1048286,2019-03-01,0.005142622782984948
1995,1048286,2020-02-27,-0.30784020410352253
1996,1048695,2016-11-04,0.024018344273502083
1997,1048695,2017-11-03,0.10915173440397787
1998,1048695,2018-11-21,-0.061499201859071116
1999,1048695,2020-11-19,0.09382021888647604
2000,1048695,2019-11-15,-0.0426921932300115
2001,1048911,2016-07-18,0.035394393106702275
2002,1048911,2017-07-17,-0.027148649344338714
2003,1048911,2018-07-16,0.057780882244146466
2004,1048911,2020-07-20,0.266556989571999
2005,1048911,2019-07-16,-0.09994691461772998
2006,1050915,2016-02-29,0.09857072004710747
2007,1050915,2017-03-01,-0.029803905611723858
2008,1050915,2018-02-28,-0.012775802678684072
2009,1050915,2019-02-28,0.041526362726767914
2010,1050915,2020-02-28,-0.21741412754534492
2011,1051470,2016-02-22,-0.009681926539906982
2012,1051470,2017-02-22,0.001324741827796702
2013,1051470,2018-02-26,-0.01685491516932789
2014,1051470,2019-02-25,0.06202929630730068
2015,1051470,2020-03-10,0.030059573910660393
2016,1053507,2016-02-26,0.11487608146304677
2017,1053507,2017-02-27,0.05276163358172284
2018,1053507,2018-02-28,0.036819097218077364
2019,1053507,2019-02-27,0.12615477187361107
2020,1053507,2020-02-25,-0.2269846236114728
2021,1057352,2016-02-26,0.022204905261468726
2022,1057352,2017-02-24,0.02433693017677599
2023,1034054,2016-02-26,0.03433340243257263
2024,1034054,2017-03-01,0.04342928319801784
2025,1034054,2018-03-01,0.10299426150999182
2026,1034054,2019-02-28,0.07305052403495933
2027,1034054,2020-02-24,-0.2708876193914619
2028,1035002,2017-02-23,0.008056108091324184
2029,1035002,2018-02-28,0.020460058743470254
2030,1035002,2016-02-25,0.0848574366076058
2031,1035002,2019-02-28,0.05468365887662681
2032,1035267,2016-02-02,0.05959029025811875
2033,1035267,2017-02-06,0.05649961954757915
2034,1035002,2020-02-26,-0.447434461885154
2035,1035267,2018-02-02,-0.011583849601970878
2036,1035267,2019-02-04,0.06913850122719013
2037,1035267,2020-02-07,-0.04192049813234342
2038,1035443,2016-02-03,0.06482943096128573
2039,1035443,2017-01-31,0.08707815874799721
2040,1035443,2018-01-30,-0.039045754768265405
2041,1035443,2019-02-05,0.05556845251535405
2042,1035443,2020-02-04,-0.059836663018464874
2043,1037038,2016-05-19,0.07279046205925188
2044,1037038,2017-05-18,0.009806733042472898
2045,1037038,2018-05-23,-0.023025630256188118
2046,1037038,2019-05-16,-0.02283226794406999
2047,1037038,2020-05-27,-0.1629574771606313
2048,1037540,2016-02-29,0.09453303813935282
2049,1037540,2017-02-28,-0.055455596078349594
2050,1037540,2018-02-28,0.016825102664999373
2051,1037540,2019-02-28,-0.002863854667425332
2052,1037646,2016-02-04,0.05882540472140877
2053,1037540,2020-03-02,-0.36635941538443045
2054,1037646,2018-02-09,0.010843329644337568
2055,1037646,2017-02-02,0.11532602517918274
2056,1037646,2020-02-07,-0.09096110576175269
2057,1037646,2019-02-08,0.032523085398626486
2058,1038357,2016-02-19,0.16334664863998086
2059,1038357,2017-02-17,-0.04499999682108561
2060,1038357,2018-02-20,-0.0673772482851946
2061,1038357,2019-02-26,-0.019823493555256304
2062,1038357,2020-02-24,-0.5492387999905733
2063,1039684,2016-02-23,0.41764429101719325
2064,1039684,2017-02-28,-0.01776131541209
2065,1039684,2018-02-27,0.000350885223924068
2066,1039684,2019-02-26,0.07761701341902369
2067,1039684,2020-02-25,-0.7004483215021232
2068,1041061,2016-02-16,0.12528773321865985
2069,1041061,2017-02-22,-0.0358547501754126
2070,1041061,2018-02-22,0.057328879995721616
2071,1041061,2019-02-21,0.03889125788600632
2072,1041061,2020-02-20,-0.39732360817540247
2073,104169,2016-03-30,-0.028052328772774242
2074,104169,2017-03-31,0.04300774688362316
2075,104169,2019-03-28,0.04530013024090837
2076,104169,2020-03-20,0.15925237959186186
2077,104169,2018-03-30,0.02033895735476282
2078,1043277,2016-02-29,0.06028925925934019
2079,1043277,2017-03-01,-0.04415037927129564
2080,1043277,2018-02-28,-0.01928023821754594
2081,1043277,2019-02-25,-0.06975720706661469
2082,1013462,2020-02-27,-0.056440709087788754
2083,1013462,2019-02-28,0.007277493991302852
2084,1013871,2016-02-29,0.19573290005731778
2085,1013871,2017-02-28,0.09782614078974602
2086,1013871,2018-03-01,0.1341010624116071
2087,1013871,2019-02-28,0.027351232756753927
2088,1013871,2020-02-27,-0.18144928199657495
2089,1014473,2016-02-19,0.09780587044423374
2090,1014473,2017-02-17,0.062454425261879186
2091,1014473,2018-02-16,0.03948564401771311
2092,1014473,2019-02-15,0.034378557520678095
2093,1014473,2020-02-14,-0.1285967040376049
2094,101778,2016-02-25,0.3924222121463396
2095,101778,2017-02-24,-0.06675138382815674
2096,101778,2018-02-22,0.07509877251186502
2097,101778,2019-02-21,0.05515587886461072
2098,101778,2020-02-20,-0.6263414708579459
2099,101829,2016-02-11,0.1360736482362783
2100,101829,2017-02-09,0.01507850727975593
2101,101829,2018-02-09,0.0498280774009484
2102,101829,2019-02-07,0.03868448217149035
2103,101829,2020-02-06,-0.1905249608346783
2104,1018724,2016-01-29,-0.05412269015047128
2105,1018724,2017-02-10,0.03086554983530776
2106,1018724,2018-02-02,0.04440719130282607
2107,1018724,2019-02-01,0.008362904393374868
2108,1018724,2020-01-31,-0.062213720133630634
2109,1020569,2016-02-26,0.10859272834289793
2110,1020569,2017-02-23,-0.05197612994920587
2111,1020569,2019-02-14,0.0
2112,1020569,2018-02-16,-0.008441326341676368
2113,1020569,2020-02-13,-0.20173864887450424
2114,1022079,2016-02-26,0.03823266361430358
2115,1022079,2018-02-23,-0.002923932035329897
2116,1022079,2017-02-22,0.029602530086031
2117,1022079,2019-02-21,0.00933834093637288
2118,1022079,2020-02-20,-0.29714640081070093
2119,1024478,2016-11-15,0.01565786382662046
2120,1024478,2017-11-15,0.003814980326405338
2121,1024478,2018-11-09,-0.04560761520556726
2122,1024478,2019-11-12,0.026513813169257744
2123,1031296,2016-02-16,0.06365813288690961
2124,1024478,2020-11-10,0.008954008031373613
2125,1031296,2017-02-21,-0.01180979381214217
2126,1031296,2018-02-20,0.030182978704103115
2127,1031296,2019-02-19,0.041414223927747316
2128,1031296,2020-02-10,-0.16413551801003526
2129,1032208,2016-02-26,0.07314781992201347
2130,1032208,2017-02-28,0.01187775453549135
2131,1032208,2018-02-27,-0.0005452340793763476
2132,1032208,2019-02-26,0.05164002784568552
2133,1032208,2020-02-27,-0.126007636300036
2134,103379,2016-03-02,-0.015690976159114457
2135,103379,2017-03-01,0.04050733124584517
2136,103379,2018-02-28,-0.011264608281241324
2137,103379,2019-05-24,0.051523105472202235
2138,103379,2020-05-27,-0.08105501593424438
2139,1013462,2018-02-22,0.03398782861765271
2140,1013462,2016-02-25,0.03657090698661205
2141,1013462,2017-02-23,0.02390780439067803
2142,1000228,2018-02-21,-0.04309847640619273
2143,1000228,2019-02-20,0.005484491292954812
2144,1000228,2016-02-10,0.06755977015474478
2145,1000228,2017-02-21,-0.009248103813738003
2146,1000697,2016-02-26,0.06557785401606481
2147,1000697,2017-02-24,-0.004923203604352462
2148,1000228,2020-02-20,-0.27727796435527297
2149,1000697,2018-02-27,-0.009266914057800687
2150,1000697,2019-02-26,0.03249203362895797
2151,1000697,2020-02-25,-0.11157005942952221
2152,1001082,2016-02-18,0.14130188898656115
2153,1001082,2017-02-22,-0.00849363110631231
2154,1001082,2018-02-21,-0.1014358739499644
2155,1001082,2019-02-13,0.11434508549098563
2156,1001250,2016-08-24,-0.02596683396818888
2157,1001082,2020-02-19,-0.5456969752456202
2158,1001250,2018-08-24,0.05863262160160233
2159,1001250,2017-08-25,0.010140862263424295
2160,1001250,2019-08-23,-0.026578698435701247
2161,1001250,2020-08-28,-0.03467454349572962
2162,1002047,2016-06-22,0.03175860341800805
2163,1002047,2017-06-20,0.1542080968299027
2164,1002047,2019-06-18,-0.03466234404670406
2165,1002047,2018-06-19,0.055719655941632244
2166,1002047,2020-06-15,0.015566871623917655
2167,100493,2016-11-21,0.07465283273730895
2168,100493,2017-11-13,0.09366321172191577
2169,100493,2019-11-12,-0.004387932062334078
2170,100493,2018-11-13,-0.0428055345048789
2171,100493,2020-11-16,0.054216902255950994
2172,1004980,2016-02-18,0.05357142857142857
2173,1004980,2018-02-09,0.08192895702397829
2174,1004980,2017-02-16,0.05489830242058461
2175,1004980,2019-02-28,0.038167914992510044
2176,1004980,2020-02-18,-0.4269732641645825
2177,100517,2017-02-23,-0.10206546217187258
2178,100517,2016-02-18,0.1328456239567695
2179,100517,2018-02-22,0.04857579672272308
2180,100517,2019-02-28,-0.10568271310000354
2181,100517,2020-02-25,-0.5323791959372745
2182,100885,2016-02-05,0.07290418912031849
2183,100885,2017-02-03,0.004976508201054053
2184,100885,2018-02-09,0.039283469892783265
2185,100885,2019-02-08,0.01991096460795046
2186,100885,2020-02-07,-0.15090031668855644
2187,1012100,2016-02-22,0.05283100534193667
2188,1012100,2017-02-15,-0.044519088186398194
2189,1012100,2018-02-21,0.03554502305405923
2190,1012100,2019-02-19,0.08295804963084959
2191,1012100,2020-03-02,-0.22010177985836238
2192,1013237,2016-10-31,0.04530761667223881
2193,1013237,2017-10-30,0.05400810081767385
2194,1013237,2019-10-30,0.023533591111117528
2195,1013237,2020-10-29,0.040290088638195005
2196,1013237,2018-10-30,0.06878088269006609
